ID	ZIGBEE_MAC_ID	EXPECTED_SC_DEVICE_ID	ZIGBEE_MAC_ID	HIERARCHY_ID
280789	000D6F0000D5453B	NULL	000D6F0000D5453B	1157
ID	ZIGBEE_MAC_ID	EXPECTED_SC_DEVICE_ID	ZIGBEE_MAC_ID	HIERARCHY_ID
280990	000D6F0000D547BD	NULL	000D6F0000D547BD	1159
ID	ZIGBEE_MAC_ID	EXPECTED_SC_DEVICE_ID	ZIGBEE_MAC_ID	HIERARCHY_ID
280790	000D6F0000D55DE5	NULL	000D6F0000D55DE5	1157
ID	ZIGBEE_MAC_ID	EXPECTED_SC_DEVICE_ID	ZIGBEE_MAC_ID	HIERARCHY_ID
280791	000D6F0000D55FDA	NULL	000D6F0000D55FDA	1157
ID	ZIGBEE_MAC_ID	EXPECTED_SC_DEVICE_ID	ZIGBEE_MAC_ID	HIERARCHY_ID
280792	000D6F0000D55FE4	NULL	000D6F0000D55FE4	1157
ID	ZIGBEE_MAC_ID	EXPECTED_SC_DEVICE_ID	ZIGBEE_MAC_ID	HIERARCHY_ID
280793	000D6F0000D55FEC	NULL	000D6F0000D55FEC	1157
ID	ZIGBEE_MAC_ID	EXPECTED_SC_DEVICE_ID	ZIGBEE_MAC_ID	HIERARCHY_ID
280794	000D6F0000D55FF2	NULL	000D6F0000D55FF2	1157
ID	ZIGBEE_MAC_ID	EXPECTED_SC_DEVICE_ID	ZIGBEE_MAC_ID	HIERARCHY_ID
280795	000D6F0000D5605F	NULL	000D6F0000D5605F	1157
ID	ZIGBEE_MAC_ID	EXPECTED_SC_DEVICE_ID	ZIGBEE_MAC_ID	HIERARCHY_ID
280796	000D6F0000D56060	NULL	000D6F0000D56060	1157
ID	ZIGBEE_MAC_ID	EXPECTED_SC_DEVICE_ID	ZIGBEE_MAC_ID	HIERARCHY_ID
280797	000D6F0000D56066	NULL	000D6F0000D56066	1157
ID	ZIGBEE_MAC_ID	EXPECTED_SC_DEVICE_ID	ZIGBEE_MAC_ID	HIERARCHY_ID
280798	000D6F0000D5606A	NULL	000D6F0000D5606A	1157
ID	ZIGBEE_MAC_ID	EXPECTED_SC_DEVICE_ID	ZIGBEE_MAC_ID	HIERARCHY_ID
280799	000D6F0000D5606B	NULL	000D6F0000D5606B	1157
ID	ZIGBEE_MAC_ID	EXPECTED_SC_DEVICE_ID	ZIGBEE_MAC_ID	HIERARCHY_ID
280800	000D6F0000D5606C	NULL	000D6F0000D5606C	1157
ID	ZIGBEE_MAC_ID	EXPECTED_SC_DEVICE_ID	ZIGBEE_MAC_ID	HIERARCHY_ID
280801	000D6F0000D5606F	NULL	000D6F0000D5606F	1157
ID	ZIGBEE_MAC_ID	EXPECTED_SC_DEVICE_ID	ZIGBEE_MAC_ID	HIERARCHY_ID
280991	000D6F0000D56071	NULL	000D6F0000D56071	1159
ID	ZIGBEE_MAC_ID	EXPECTED_SC_DEVICE_ID	ZIGBEE_MAC_ID	HIERARCHY_ID
280992	000D6F0000D56076	NULL	000D6F0000D56076	1159
ID	ZIGBEE_MAC_ID	EXPECTED_SC_DEVICE_ID	ZIGBEE_MAC_ID	HIERARCHY_ID
280993	000D6F0000D5607A	NULL	000D6F0000D5607A	1159
ID	ZIGBEE_MAC_ID	EXPECTED_SC_DEVICE_ID	ZIGBEE_MAC_ID	HIERARCHY_ID
280994	000D6F0000D5607D	NULL	000D6F0000D5607D	1159
ID	ZIGBEE_MAC_ID	EXPECTED_SC_DEVICE_ID	ZIGBEE_MAC_ID	HIERARCHY_ID
280995	000D6F0000D5607E	NULL	000D6F0000D5607E	1159
ID	ZIGBEE_MAC_ID	EXPECTED_SC_DEVICE_ID	ZIGBEE_MAC_ID	HIERARCHY_ID
280802	000D6F0000D56087	NULL	000D6F0000D56087	1157
ID	ZIGBEE_MAC_ID	EXPECTED_SC_DEVICE_ID	ZIGBEE_MAC_ID	HIERARCHY_ID
280803	000D6F0000D56091	NULL	000D6F0000D56091	1157
ID	ZIGBEE_MAC_ID	EXPECTED_SC_DEVICE_ID	ZIGBEE_MAC_ID	HIERARCHY_ID
280804	000D6F0000D56094	NULL	000D6F0000D56094	1157
ID	ZIGBEE_MAC_ID	EXPECTED_SC_DEVICE_ID	ZIGBEE_MAC_ID	HIERARCHY_ID
280805	000D6F0000D56095	NULL	000D6F0000D56095	1157
ID	ZIGBEE_MAC_ID	EXPECTED_SC_DEVICE_ID	ZIGBEE_MAC_ID	HIERARCHY_ID
280806	000D6F0000D56097	NULL	000D6F0000D56097	1157
ID	ZIGBEE_MAC_ID	EXPECTED_SC_DEVICE_ID	ZIGBEE_MAC_ID	HIERARCHY_ID
280807	000D6F0000D56099	NULL	000D6F0000D56099	1157
ID	ZIGBEE_MAC_ID	EXPECTED_SC_DEVICE_ID	ZIGBEE_MAC_ID	HIERARCHY_ID
280808	000D6F0000D5609A	NULL	000D6F0000D5609A	1157
ID	ZIGBEE_MAC_ID	EXPECTED_SC_DEVICE_ID	ZIGBEE_MAC_ID	HIERARCHY_ID
280809	000D6F0000D5609C	NULL	000D6F0000D5609C	1157
ID	ZIGBEE_MAC_ID	EXPECTED_SC_DEVICE_ID	ZIGBEE_MAC_ID	HIERARCHY_ID
280810	000D6F0000D5609D	NULL	000D6F0000D5609D	1157
ID	ZIGBEE_MAC_ID	EXPECTED_SC_DEVICE_ID	ZIGBEE_MAC_ID	HIERARCHY_ID
280811	000D6F0000D560A1	NULL	000D6F0000D560A1	1157
ID	ZIGBEE_MAC_ID	EXPECTED_SC_DEVICE_ID	ZIGBEE_MAC_ID	HIERARCHY_ID
280812	000D6F0000D5613F	NULL	000D6F0000D5613F	1157
ID	ZIGBEE_MAC_ID	EXPECTED_SC_DEVICE_ID	ZIGBEE_MAC_ID	HIERARCHY_ID
280813	000D6F0000D56143	NULL	000D6F0000D56143	1157
ID	ZIGBEE_MAC_ID	EXPECTED_SC_DEVICE_ID	ZIGBEE_MAC_ID	HIERARCHY_ID
280814	000D6F0000D56162	NULL	000D6F0000D56162	1157
ID	ZIGBEE_MAC_ID	EXPECTED_SC_DEVICE_ID	ZIGBEE_MAC_ID	HIERARCHY_ID
280815	000D6F0000D5624D	NULL	000D6F0000D5624D	1157
ID	ZIGBEE_MAC_ID	EXPECTED_SC_DEVICE_ID	ZIGBEE_MAC_ID	HIERARCHY_ID
280816	000D6F0000D56277	NULL	000D6F0000D56277	1157
ID	ZIGBEE_MAC_ID	EXPECTED_SC_DEVICE_ID	ZIGBEE_MAC_ID	HIERARCHY_ID
281113	000D6F0000D566ED	NULL	000D6F0000D566ED	1159
ID	ZIGBEE_MAC_ID	EXPECTED_SC_DEVICE_ID	ZIGBEE_MAC_ID	HIERARCHY_ID
280996	000D6F0000D566EE	NULL	000D6F0000D566EE	1159
ID	ZIGBEE_MAC_ID	EXPECTED_SC_DEVICE_ID	ZIGBEE_MAC_ID	HIERARCHY_ID
281114	000D6F0000D566EF	NULL	000D6F0000D566EF	1159
ID	ZIGBEE_MAC_ID	EXPECTED_SC_DEVICE_ID	ZIGBEE_MAC_ID	HIERARCHY_ID
280997	000D6F0000D566F0	NULL	000D6F0000D566F0	1159
ID	ZIGBEE_MAC_ID	EXPECTED_SC_DEVICE_ID	ZIGBEE_MAC_ID	HIERARCHY_ID
280998	000D6F0000D566F1	NULL	000D6F0000D566F1	1159
ID	ZIGBEE_MAC_ID	EXPECTED_SC_DEVICE_ID	ZIGBEE_MAC_ID	HIERARCHY_ID
280999	000D6F0000D566F3	NULL	000D6F0000D566F3	1159
ID	ZIGBEE_MAC_ID	EXPECTED_SC_DEVICE_ID	ZIGBEE_MAC_ID	HIERARCHY_ID
281000	000D6F0000D566F4	NULL	000D6F0000D566F4	1159
ID	ZIGBEE_MAC_ID	EXPECTED_SC_DEVICE_ID	ZIGBEE_MAC_ID	HIERARCHY_ID
281001	000D6F0000D566F5	NULL	000D6F0000D566F5	1159
ID	ZIGBEE_MAC_ID	EXPECTED_SC_DEVICE_ID	ZIGBEE_MAC_ID	HIERARCHY_ID
281002	000D6F0000D566F9	NULL	000D6F0000D566F9	1159
ID	ZIGBEE_MAC_ID	EXPECTED_SC_DEVICE_ID	ZIGBEE_MAC_ID	HIERARCHY_ID
281115	000D6F0000D566FA	NULL	000D6F0000D566FA	1159
ID	ZIGBEE_MAC_ID	EXPECTED_SC_DEVICE_ID	ZIGBEE_MAC_ID	HIERARCHY_ID
281003	000D6F0000D566FC	NULL	000D6F0000D566FC	1159
ID	ZIGBEE_MAC_ID	EXPECTED_SC_DEVICE_ID	ZIGBEE_MAC_ID	HIERARCHY_ID
281004	000D6F0000D566FD	NULL	000D6F0000D566FD	1159
ID	ZIGBEE_MAC_ID	EXPECTED_SC_DEVICE_ID	ZIGBEE_MAC_ID	HIERARCHY_ID
281116	000D6F0000D56701	NULL	000D6F0000D56701	1159
ID	ZIGBEE_MAC_ID	EXPECTED_SC_DEVICE_ID	ZIGBEE_MAC_ID	HIERARCHY_ID
281005	000D6F0000D56703	NULL	000D6F0000D56703	1159
ID	ZIGBEE_MAC_ID	EXPECTED_SC_DEVICE_ID	ZIGBEE_MAC_ID	HIERARCHY_ID
281006	000D6F0000D56707	NULL	000D6F0000D56707	1159
ID	ZIGBEE_MAC_ID	EXPECTED_SC_DEVICE_ID	ZIGBEE_MAC_ID	HIERARCHY_ID
281117	000D6F0000D56708	NULL	000D6F0000D56708	1159
ID	ZIGBEE_MAC_ID	EXPECTED_SC_DEVICE_ID	ZIGBEE_MAC_ID	HIERARCHY_ID
281007	000D6F0000D56709	NULL	000D6F0000D56709	1159
ID	ZIGBEE_MAC_ID	EXPECTED_SC_DEVICE_ID	ZIGBEE_MAC_ID	HIERARCHY_ID
281008	000D6F0000D5670A	NULL	000D6F0000D5670A	1159
ID	ZIGBEE_MAC_ID	EXPECTED_SC_DEVICE_ID	ZIGBEE_MAC_ID	HIERARCHY_ID
281009	000D6F0000D5670B	NULL	000D6F0000D5670B	1159
ID	ZIGBEE_MAC_ID	EXPECTED_SC_DEVICE_ID	ZIGBEE_MAC_ID	HIERARCHY_ID
281118	000D6F0000D5670C	NULL	000D6F0000D5670C	1159
ID	ZIGBEE_MAC_ID	EXPECTED_SC_DEVICE_ID	ZIGBEE_MAC_ID	HIERARCHY_ID
281010	000D6F0000D5670E	NULL	000D6F0000D5670E	1159
ID	ZIGBEE_MAC_ID	EXPECTED_SC_DEVICE_ID	ZIGBEE_MAC_ID	HIERARCHY_ID
281011	000D6F0000D56715	NULL	000D6F0000D56715	1159
ID	ZIGBEE_MAC_ID	EXPECTED_SC_DEVICE_ID	ZIGBEE_MAC_ID	HIERARCHY_ID
281012	000D6F0000D56716	NULL	000D6F0000D56716	1159
ID	ZIGBEE_MAC_ID	EXPECTED_SC_DEVICE_ID	ZIGBEE_MAC_ID	HIERARCHY_ID
281119	000D6F0000D56719	NULL	000D6F0000D56719	1159
ID	ZIGBEE_MAC_ID	EXPECTED_SC_DEVICE_ID	ZIGBEE_MAC_ID	HIERARCHY_ID
281013	000D6F0000D5671A	NULL	000D6F0000D5671A	1159
ID	ZIGBEE_MAC_ID	EXPECTED_SC_DEVICE_ID	ZIGBEE_MAC_ID	HIERARCHY_ID
281014	000D6F0000D5671B	NULL	000D6F0000D5671B	1159
ID	ZIGBEE_MAC_ID	EXPECTED_SC_DEVICE_ID	ZIGBEE_MAC_ID	HIERARCHY_ID
281015	000D6F0000D5671D	NULL	000D6F0000D5671D	1159
ID	ZIGBEE_MAC_ID	EXPECTED_SC_DEVICE_ID	ZIGBEE_MAC_ID	HIERARCHY_ID
281016	000D6F0000D5671F	NULL	000D6F0000D5671F	1159
ID	ZIGBEE_MAC_ID	EXPECTED_SC_DEVICE_ID	ZIGBEE_MAC_ID	HIERARCHY_ID
281017	000D6F0000D56721	NULL	000D6F0000D56721	1159
ID	ZIGBEE_MAC_ID	EXPECTED_SC_DEVICE_ID	ZIGBEE_MAC_ID	HIERARCHY_ID
281018	000D6F0000D56722	NULL	000D6F0000D56722	1159
ID	ZIGBEE_MAC_ID	EXPECTED_SC_DEVICE_ID	ZIGBEE_MAC_ID	HIERARCHY_ID
281019	000D6F0000D56723	NULL	000D6F0000D56723	1159
ID	ZIGBEE_MAC_ID	EXPECTED_SC_DEVICE_ID	ZIGBEE_MAC_ID	HIERARCHY_ID
281020	000D6F0000D56724	NULL	000D6F0000D56724	1159
ID	ZIGBEE_MAC_ID	EXPECTED_SC_DEVICE_ID	ZIGBEE_MAC_ID	HIERARCHY_ID
281021	000D6F0000D56725	NULL	000D6F0000D56725	1159
ID	ZIGBEE_MAC_ID	EXPECTED_SC_DEVICE_ID	ZIGBEE_MAC_ID	HIERARCHY_ID
281120	000D6F0000D56728	NULL	000D6F0000D56728	1159
ID	ZIGBEE_MAC_ID	EXPECTED_SC_DEVICE_ID	ZIGBEE_MAC_ID	HIERARCHY_ID
281121	000D6F0000D5672A	NULL	000D6F0000D5672A	1159
ID	ZIGBEE_MAC_ID	EXPECTED_SC_DEVICE_ID	ZIGBEE_MAC_ID	HIERARCHY_ID
281022	000D6F0000D5672C	NULL	000D6F0000D5672C	1159
ID	ZIGBEE_MAC_ID	EXPECTED_SC_DEVICE_ID	ZIGBEE_MAC_ID	HIERARCHY_ID
281023	000D6F0000D568E2	NULL	000D6F0000D568E2	1159
ID	ZIGBEE_MAC_ID	EXPECTED_SC_DEVICE_ID	ZIGBEE_MAC_ID	HIERARCHY_ID
281024	000D6F0000D568E5	NULL	000D6F0000D568E5	1159
ID	ZIGBEE_MAC_ID	EXPECTED_SC_DEVICE_ID	ZIGBEE_MAC_ID	HIERARCHY_ID
280817	000D6F0000D5692C	NULL	000D6F0000D5692C	1157
ID	ZIGBEE_MAC_ID	EXPECTED_SC_DEVICE_ID	ZIGBEE_MAC_ID	HIERARCHY_ID
280818	000D6F0000D5692E	NULL	000D6F0000D5692E	1157
ID	ZIGBEE_MAC_ID	EXPECTED_SC_DEVICE_ID	ZIGBEE_MAC_ID	HIERARCHY_ID
280819	000D6F0000D5692F	NULL	000D6F0000D5692F	1157
ID	ZIGBEE_MAC_ID	EXPECTED_SC_DEVICE_ID	ZIGBEE_MAC_ID	HIERARCHY_ID
280820	000D6F0000D56931	NULL	000D6F0000D56931	1157
ID	ZIGBEE_MAC_ID	EXPECTED_SC_DEVICE_ID	ZIGBEE_MAC_ID	HIERARCHY_ID
280821	000D6F0000D56934	NULL	000D6F0000D56934	1157
ID	ZIGBEE_MAC_ID	EXPECTED_SC_DEVICE_ID	ZIGBEE_MAC_ID	HIERARCHY_ID
280822	000D6F0000D56936	NULL	000D6F0000D56936	1157
ID	ZIGBEE_MAC_ID	EXPECTED_SC_DEVICE_ID	ZIGBEE_MAC_ID	HIERARCHY_ID
280823	000D6F0000D56937	NULL	000D6F0000D56937	1157
ID	ZIGBEE_MAC_ID	EXPECTED_SC_DEVICE_ID	ZIGBEE_MAC_ID	HIERARCHY_ID
280824	000D6F0000D56938	NULL	000D6F0000D56938	1157
ID	ZIGBEE_MAC_ID	EXPECTED_SC_DEVICE_ID	ZIGBEE_MAC_ID	HIERARCHY_ID
280825	000D6F0000D56939	NULL	000D6F0000D56939	1157
ID	ZIGBEE_MAC_ID	EXPECTED_SC_DEVICE_ID	ZIGBEE_MAC_ID	HIERARCHY_ID
280826	000D6F0000D578DD	NULL	000D6F0000D578DD	1157
ID	ZIGBEE_MAC_ID	EXPECTED_SC_DEVICE_ID	ZIGBEE_MAC_ID	HIERARCHY_ID
280827	000D6F0000D578DE	NULL	000D6F0000D578DE	1157
ID	ZIGBEE_MAC_ID	EXPECTED_SC_DEVICE_ID	ZIGBEE_MAC_ID	HIERARCHY_ID
280828	000D6F0000D578DF	NULL	000D6F0000D578DF	1157
ID	ZIGBEE_MAC_ID	EXPECTED_SC_DEVICE_ID	ZIGBEE_MAC_ID	HIERARCHY_ID
280829	000D6F0000D578E0	NULL	000D6F0000D578E0	1157
ID	ZIGBEE_MAC_ID	EXPECTED_SC_DEVICE_ID	ZIGBEE_MAC_ID	HIERARCHY_ID
280830	000D6F0000D578E2	NULL	000D6F0000D578E2	1157
ID	ZIGBEE_MAC_ID	EXPECTED_SC_DEVICE_ID	ZIGBEE_MAC_ID	HIERARCHY_ID
280831	000D6F0000D578E3	NULL	000D6F0000D578E3	1157
ID	ZIGBEE_MAC_ID	EXPECTED_SC_DEVICE_ID	ZIGBEE_MAC_ID	HIERARCHY_ID
280832	000D6F0000D578E4	NULL	000D6F0000D578E4	1157
ID	ZIGBEE_MAC_ID	EXPECTED_SC_DEVICE_ID	ZIGBEE_MAC_ID	HIERARCHY_ID
280833	000D6F0000D578E5	NULL	000D6F0000D578E5	1157
ID	ZIGBEE_MAC_ID	EXPECTED_SC_DEVICE_ID	ZIGBEE_MAC_ID	HIERARCHY_ID
280834	000D6F0000D578E6	NULL	000D6F0000D578E6	1157
ID	ZIGBEE_MAC_ID	EXPECTED_SC_DEVICE_ID	ZIGBEE_MAC_ID	HIERARCHY_ID
280835	000D6F0000D578E7	NULL	000D6F0000D578E7	1157
ID	ZIGBEE_MAC_ID	EXPECTED_SC_DEVICE_ID	ZIGBEE_MAC_ID	HIERARCHY_ID
280836	000D6F0000D578EA	NULL	000D6F0000D578EA	1157
ID	ZIGBEE_MAC_ID	EXPECTED_SC_DEVICE_ID	ZIGBEE_MAC_ID	HIERARCHY_ID
280837	000D6F0000D578EC	NULL	000D6F0000D578EC	1157
ID	ZIGBEE_MAC_ID	EXPECTED_SC_DEVICE_ID	ZIGBEE_MAC_ID	HIERARCHY_ID
280838	000D6F0000D578ED	NULL	000D6F0000D578ED	1157
ID	ZIGBEE_MAC_ID	EXPECTED_SC_DEVICE_ID	ZIGBEE_MAC_ID	HIERARCHY_ID
280839	000D6F0000D578EE	NULL	000D6F0000D578EE	1157
ID	ZIGBEE_MAC_ID	EXPECTED_SC_DEVICE_ID	ZIGBEE_MAC_ID	HIERARCHY_ID
280840	000D6F0000D578F0	NULL	000D6F0000D578F0	1157
ID	ZIGBEE_MAC_ID	EXPECTED_SC_DEVICE_ID	ZIGBEE_MAC_ID	HIERARCHY_ID
280841	000D6F0000D578F1	NULL	000D6F0000D578F1	1157
ID	ZIGBEE_MAC_ID	EXPECTED_SC_DEVICE_ID	ZIGBEE_MAC_ID	HIERARCHY_ID
280842	000D6F0000D578F4	NULL	000D6F0000D578F4	1157
ID	ZIGBEE_MAC_ID	EXPECTED_SC_DEVICE_ID	ZIGBEE_MAC_ID	HIERARCHY_ID
280843	000D6F0000D578F6	NULL	000D6F0000D578F6	1157
ID	ZIGBEE_MAC_ID	EXPECTED_SC_DEVICE_ID	ZIGBEE_MAC_ID	HIERARCHY_ID
280844	000D6F0000D578F7	NULL	000D6F0000D578F7	1157
ID	ZIGBEE_MAC_ID	EXPECTED_SC_DEVICE_ID	ZIGBEE_MAC_ID	HIERARCHY_ID
280845	000D6F0000D578F9	NULL	000D6F0000D578F9	1157
ID	ZIGBEE_MAC_ID	EXPECTED_SC_DEVICE_ID	ZIGBEE_MAC_ID	HIERARCHY_ID
280846	000D6F0000D578FA	NULL	000D6F0000D578FA	1157
ID	ZIGBEE_MAC_ID	EXPECTED_SC_DEVICE_ID	ZIGBEE_MAC_ID	HIERARCHY_ID
280847	000D6F0000D57CFA	NULL	000D6F0000D57CFA	1157
ID	ZIGBEE_MAC_ID	EXPECTED_SC_DEVICE_ID	ZIGBEE_MAC_ID	HIERARCHY_ID
280848	000D6F0000D57CFD	NULL	000D6F0000D57CFD	1157
ID	ZIGBEE_MAC_ID	EXPECTED_SC_DEVICE_ID	ZIGBEE_MAC_ID	HIERARCHY_ID
280849	000D6F0000D57D00	NULL	000D6F0000D57D00	1157
ID	ZIGBEE_MAC_ID	EXPECTED_SC_DEVICE_ID	ZIGBEE_MAC_ID	HIERARCHY_ID
280850	000D6F0000D57D01	NULL	000D6F0000D57D01	1157
ID	ZIGBEE_MAC_ID	EXPECTED_SC_DEVICE_ID	ZIGBEE_MAC_ID	HIERARCHY_ID
280851	000D6F0000D57D04	NULL	000D6F0000D57D04	1157
ID	ZIGBEE_MAC_ID	EXPECTED_SC_DEVICE_ID	ZIGBEE_MAC_ID	HIERARCHY_ID
280852	000D6F0000D57D05	NULL	000D6F0000D57D05	1157
ID	ZIGBEE_MAC_ID	EXPECTED_SC_DEVICE_ID	ZIGBEE_MAC_ID	HIERARCHY_ID
280853	000D6F0000D57D06	NULL	000D6F0000D57D06	1157
ID	ZIGBEE_MAC_ID	EXPECTED_SC_DEVICE_ID	ZIGBEE_MAC_ID	HIERARCHY_ID
280854	000D6F0000D57D08	NULL	000D6F0000D57D08	1157
ID	ZIGBEE_MAC_ID	EXPECTED_SC_DEVICE_ID	ZIGBEE_MAC_ID	HIERARCHY_ID
280855	000D6F0000D57DF9	NULL	000D6F0000D57DF9	1157
ID	ZIGBEE_MAC_ID	EXPECTED_SC_DEVICE_ID	ZIGBEE_MAC_ID	HIERARCHY_ID
280856	000D6F0000D57DFA	NULL	000D6F0000D57DFA	1157
ID	ZIGBEE_MAC_ID	EXPECTED_SC_DEVICE_ID	ZIGBEE_MAC_ID	HIERARCHY_ID
280857	000D6F0000D57DFB	NULL	000D6F0000D57DFB	1157
ID	ZIGBEE_MAC_ID	EXPECTED_SC_DEVICE_ID	ZIGBEE_MAC_ID	HIERARCHY_ID
280858	000D6F0000D57DFD	NULL	000D6F0000D57DFD	1157
ID	ZIGBEE_MAC_ID	EXPECTED_SC_DEVICE_ID	ZIGBEE_MAC_ID	HIERARCHY_ID
280859	000D6F0000D57E01	NULL	000D6F0000D57E01	1157
ID	ZIGBEE_MAC_ID	EXPECTED_SC_DEVICE_ID	ZIGBEE_MAC_ID	HIERARCHY_ID
281025	000D6F0000D57E08	NULL	000D6F0000D57E08	1159
ID	ZIGBEE_MAC_ID	EXPECTED_SC_DEVICE_ID	ZIGBEE_MAC_ID	HIERARCHY_ID
281026	000D6F0000D57E09	NULL	000D6F0000D57E09	1159
ID	ZIGBEE_MAC_ID	EXPECTED_SC_DEVICE_ID	ZIGBEE_MAC_ID	HIERARCHY_ID
281027	000D6F0000D57E0C	NULL	000D6F0000D57E0C	1159
ID	ZIGBEE_MAC_ID	EXPECTED_SC_DEVICE_ID	ZIGBEE_MAC_ID	HIERARCHY_ID
281028	000D6F0000D57E0D	NULL	000D6F0000D57E0D	1159
ID	ZIGBEE_MAC_ID	EXPECTED_SC_DEVICE_ID	ZIGBEE_MAC_ID	HIERARCHY_ID
281029	000D6F0000D57E15	NULL	000D6F0000D57E15	1159
ID	ZIGBEE_MAC_ID	EXPECTED_SC_DEVICE_ID	ZIGBEE_MAC_ID	HIERARCHY_ID
281030	000D6F0000D57E16	NULL	000D6F0000D57E16	1159
ID	ZIGBEE_MAC_ID	EXPECTED_SC_DEVICE_ID	ZIGBEE_MAC_ID	HIERARCHY_ID
281122	000D6F0000D57E22	NULL	000D6F0000D57E22	1159
ID	ZIGBEE_MAC_ID	EXPECTED_SC_DEVICE_ID	ZIGBEE_MAC_ID	HIERARCHY_ID
281031	000D6F0000D57E25	NULL	000D6F0000D57E25	1159
ID	ZIGBEE_MAC_ID	EXPECTED_SC_DEVICE_ID	ZIGBEE_MAC_ID	HIERARCHY_ID
281032	000D6F0000D57E2C	NULL	000D6F0000D57E2C	1159
ID	ZIGBEE_MAC_ID	EXPECTED_SC_DEVICE_ID	ZIGBEE_MAC_ID	HIERARCHY_ID
281123	000D6F0000D57E2E	NULL	000D6F0000D57E2E	1159
ID	ZIGBEE_MAC_ID	EXPECTED_SC_DEVICE_ID	ZIGBEE_MAC_ID	HIERARCHY_ID
281124	000D6F0000D57E37	NULL	000D6F0000D57E37	1159
ID	ZIGBEE_MAC_ID	EXPECTED_SC_DEVICE_ID	ZIGBEE_MAC_ID	HIERARCHY_ID
280860	000D6F0000D57EEC	NULL	000D6F0000D57EEC	1157
ID	ZIGBEE_MAC_ID	EXPECTED_SC_DEVICE_ID	ZIGBEE_MAC_ID	HIERARCHY_ID
280861	000D6F0000D58040	NULL	000D6F0000D58040	1157
ID	ZIGBEE_MAC_ID	EXPECTED_SC_DEVICE_ID	ZIGBEE_MAC_ID	HIERARCHY_ID
281033	000D6F0000D58061	NULL	000D6F0000D58061	1159
ID	ZIGBEE_MAC_ID	EXPECTED_SC_DEVICE_ID	ZIGBEE_MAC_ID	HIERARCHY_ID
281034	000D6F0000D58063	NULL	000D6F0000D58063	1159
ID	ZIGBEE_MAC_ID	EXPECTED_SC_DEVICE_ID	ZIGBEE_MAC_ID	HIERARCHY_ID
281035	000D6F0000D58066	NULL	000D6F0000D58066	1159
ID	ZIGBEE_MAC_ID	EXPECTED_SC_DEVICE_ID	ZIGBEE_MAC_ID	HIERARCHY_ID
280862	000D6F0000D5806C	NULL	000D6F0000D5806C	1157
ID	ZIGBEE_MAC_ID	EXPECTED_SC_DEVICE_ID	ZIGBEE_MAC_ID	HIERARCHY_ID
280863	000D6F0000D5806D	NULL	000D6F0000D5806D	1157
ID	ZIGBEE_MAC_ID	EXPECTED_SC_DEVICE_ID	ZIGBEE_MAC_ID	HIERARCHY_ID
280864	000D6F0000D5806E	NULL	000D6F0000D5806E	1157
ID	ZIGBEE_MAC_ID	EXPECTED_SC_DEVICE_ID	ZIGBEE_MAC_ID	HIERARCHY_ID
280865	000D6F0000D5806F	NULL	000D6F0000D5806F	1157
ID	ZIGBEE_MAC_ID	EXPECTED_SC_DEVICE_ID	ZIGBEE_MAC_ID	HIERARCHY_ID
280866	000D6F0000D58070	NULL	000D6F0000D58070	1157
ID	ZIGBEE_MAC_ID	EXPECTED_SC_DEVICE_ID	ZIGBEE_MAC_ID	HIERARCHY_ID
280867	000D6F0000D58071	NULL	000D6F0000D58071	1157
ID	ZIGBEE_MAC_ID	EXPECTED_SC_DEVICE_ID	ZIGBEE_MAC_ID	HIERARCHY_ID
280868	000D6F0000D58074	NULL	000D6F0000D58074	1157
ID	ZIGBEE_MAC_ID	EXPECTED_SC_DEVICE_ID	ZIGBEE_MAC_ID	HIERARCHY_ID
280869	000D6F0000D58075	NULL	000D6F0000D58075	1157
ID	ZIGBEE_MAC_ID	EXPECTED_SC_DEVICE_ID	ZIGBEE_MAC_ID	HIERARCHY_ID
280870	000D6F0000D58078	NULL	000D6F0000D58078	1157
ID	ZIGBEE_MAC_ID	EXPECTED_SC_DEVICE_ID	ZIGBEE_MAC_ID	HIERARCHY_ID
281036	000D6F0000D58623	NULL	000D6F0000D58623	1159
ID	ZIGBEE_MAC_ID	EXPECTED_SC_DEVICE_ID	ZIGBEE_MAC_ID	HIERARCHY_ID
281125	000D6F0000D58671	NULL	000D6F0000D58671	1159
ID	ZIGBEE_MAC_ID	EXPECTED_SC_DEVICE_ID	ZIGBEE_MAC_ID	HIERARCHY_ID
281037	000D6F0000D5867B	NULL	000D6F0000D5867B	1159
ID	ZIGBEE_MAC_ID	EXPECTED_SC_DEVICE_ID	ZIGBEE_MAC_ID	HIERARCHY_ID
281038	000D6F0000D5867C	NULL	000D6F0000D5867C	1159
ID	ZIGBEE_MAC_ID	EXPECTED_SC_DEVICE_ID	ZIGBEE_MAC_ID	HIERARCHY_ID
281039	000D6F0000D58681	NULL	000D6F0000D58681	1159
ID	ZIGBEE_MAC_ID	EXPECTED_SC_DEVICE_ID	ZIGBEE_MAC_ID	HIERARCHY_ID
281040	000D6F0000D58685	NULL	000D6F0000D58685	1159
ID	ZIGBEE_MAC_ID	EXPECTED_SC_DEVICE_ID	ZIGBEE_MAC_ID	HIERARCHY_ID
281041	000D6F0000D58687	NULL	000D6F0000D58687	1159
ID	ZIGBEE_MAC_ID	EXPECTED_SC_DEVICE_ID	ZIGBEE_MAC_ID	HIERARCHY_ID
281042	000D6F0000D5868A	NULL	000D6F0000D5868A	1159
ID	ZIGBEE_MAC_ID	EXPECTED_SC_DEVICE_ID	ZIGBEE_MAC_ID	HIERARCHY_ID
281043	000D6F0000D58765	NULL	000D6F0000D58765	1159
ID	ZIGBEE_MAC_ID	EXPECTED_SC_DEVICE_ID	ZIGBEE_MAC_ID	HIERARCHY_ID
280871	000D6F0000D587E9	NULL	000D6F0000D587E9	1157
ID	ZIGBEE_MAC_ID	EXPECTED_SC_DEVICE_ID	ZIGBEE_MAC_ID	HIERARCHY_ID
280872	000D6F0000D587EA	NULL	000D6F0000D587EA	1157
ID	ZIGBEE_MAC_ID	EXPECTED_SC_DEVICE_ID	ZIGBEE_MAC_ID	HIERARCHY_ID
280873	000D6F0000D587EB	NULL	000D6F0000D587EB	1157
ID	ZIGBEE_MAC_ID	EXPECTED_SC_DEVICE_ID	ZIGBEE_MAC_ID	HIERARCHY_ID
280874	000D6F0000D587ED	NULL	000D6F0000D587ED	1157
ID	ZIGBEE_MAC_ID	EXPECTED_SC_DEVICE_ID	ZIGBEE_MAC_ID	HIERARCHY_ID
280875	000D6F0000D587EE	NULL	000D6F0000D587EE	1157
ID	ZIGBEE_MAC_ID	EXPECTED_SC_DEVICE_ID	ZIGBEE_MAC_ID	HIERARCHY_ID
280876	000D6F0000D587F0	NULL	000D6F0000D587F0	1157
ID	ZIGBEE_MAC_ID	EXPECTED_SC_DEVICE_ID	ZIGBEE_MAC_ID	HIERARCHY_ID
280877	000D6F0000D587F1	NULL	000D6F0000D587F1	1157
ID	ZIGBEE_MAC_ID	EXPECTED_SC_DEVICE_ID	ZIGBEE_MAC_ID	HIERARCHY_ID
280878	000D6F0000D587F3	NULL	000D6F0000D587F3	1157
ID	ZIGBEE_MAC_ID	EXPECTED_SC_DEVICE_ID	ZIGBEE_MAC_ID	HIERARCHY_ID
280879	000D6F0000D587F4	NULL	000D6F0000D587F4	1157
ID	ZIGBEE_MAC_ID	EXPECTED_SC_DEVICE_ID	ZIGBEE_MAC_ID	HIERARCHY_ID
280880	000D6F0000D587F5	NULL	000D6F0000D587F5	1157
ID	ZIGBEE_MAC_ID	EXPECTED_SC_DEVICE_ID	ZIGBEE_MAC_ID	HIERARCHY_ID
280881	000D6F0000D587F7	NULL	000D6F0000D587F7	1157
ID	ZIGBEE_MAC_ID	EXPECTED_SC_DEVICE_ID	ZIGBEE_MAC_ID	HIERARCHY_ID
280882	000D6F0000D59871	NULL	000D6F0000D59871	1157
ID	ZIGBEE_MAC_ID	EXPECTED_SC_DEVICE_ID	ZIGBEE_MAC_ID	HIERARCHY_ID
280883	000D6F0000D5999D	NULL	000D6F0000D5999D	1157
ID	ZIGBEE_MAC_ID	EXPECTED_SC_DEVICE_ID	ZIGBEE_MAC_ID	HIERARCHY_ID
281044	000D6F0000D599A0	NULL	000D6F0000D599A0	1159
ID	ZIGBEE_MAC_ID	EXPECTED_SC_DEVICE_ID	ZIGBEE_MAC_ID	HIERARCHY_ID
281045	000D6F0000D599A1	NULL	000D6F0000D599A1	1159
ID	ZIGBEE_MAC_ID	EXPECTED_SC_DEVICE_ID	ZIGBEE_MAC_ID	HIERARCHY_ID
281046	000D6F0000D599A3	NULL	000D6F0000D599A3	1159
ID	ZIGBEE_MAC_ID	EXPECTED_SC_DEVICE_ID	ZIGBEE_MAC_ID	HIERARCHY_ID
281047	000D6F0000D599A6	NULL	000D6F0000D599A6	1159
ID	ZIGBEE_MAC_ID	EXPECTED_SC_DEVICE_ID	ZIGBEE_MAC_ID	HIERARCHY_ID
281126	000D6F0000D599A8	NULL	000D6F0000D599A8	1159
ID	ZIGBEE_MAC_ID	EXPECTED_SC_DEVICE_ID	ZIGBEE_MAC_ID	HIERARCHY_ID
281127	000D6F0000D599AA	NULL	000D6F0000D599AA	1159
ID	ZIGBEE_MAC_ID	EXPECTED_SC_DEVICE_ID	ZIGBEE_MAC_ID	HIERARCHY_ID
281048	000D6F0000D599AD	NULL	000D6F0000D599AD	1159
ID	ZIGBEE_MAC_ID	EXPECTED_SC_DEVICE_ID	ZIGBEE_MAC_ID	HIERARCHY_ID
280884	000D6F0000D599B0	NULL	000D6F0000D599B0	1157
ID	ZIGBEE_MAC_ID	EXPECTED_SC_DEVICE_ID	ZIGBEE_MAC_ID	HIERARCHY_ID
280885	000D6F0000D599B3	NULL	000D6F0000D599B3	1157
ID	ZIGBEE_MAC_ID	EXPECTED_SC_DEVICE_ID	ZIGBEE_MAC_ID	HIERARCHY_ID
280886	000D6F0000D599B5	NULL	000D6F0000D599B5	1157
ID	ZIGBEE_MAC_ID	EXPECTED_SC_DEVICE_ID	ZIGBEE_MAC_ID	HIERARCHY_ID
280887	000D6F0000D599BE	NULL	000D6F0000D599BE	1157
ID	ZIGBEE_MAC_ID	EXPECTED_SC_DEVICE_ID	ZIGBEE_MAC_ID	HIERARCHY_ID
280888	000D6F0000D599BF	NULL	000D6F0000D599BF	1157
ID	ZIGBEE_MAC_ID	EXPECTED_SC_DEVICE_ID	ZIGBEE_MAC_ID	HIERARCHY_ID
280889	000D6F0000D599C2	NULL	000D6F0000D599C2	1157
ID	ZIGBEE_MAC_ID	EXPECTED_SC_DEVICE_ID	ZIGBEE_MAC_ID	HIERARCHY_ID
280890	000D6F0000D599CB	NULL	000D6F0000D599CB	1157
ID	ZIGBEE_MAC_ID	EXPECTED_SC_DEVICE_ID	ZIGBEE_MAC_ID	HIERARCHY_ID
280891	000D6F0000D599D7	NULL	000D6F0000D599D7	1157
ID	ZIGBEE_MAC_ID	EXPECTED_SC_DEVICE_ID	ZIGBEE_MAC_ID	HIERARCHY_ID
280892	000D6F0000D599DA	NULL	000D6F0000D599DA	1157
ID	ZIGBEE_MAC_ID	EXPECTED_SC_DEVICE_ID	ZIGBEE_MAC_ID	HIERARCHY_ID
280893	000D6F0000D599DE	NULL	000D6F0000D599DE	1157
ID	ZIGBEE_MAC_ID	EXPECTED_SC_DEVICE_ID	ZIGBEE_MAC_ID	HIERARCHY_ID
281049	000D6F0000D59AB1	NULL	000D6F0000D59AB1	1159
ID	ZIGBEE_MAC_ID	EXPECTED_SC_DEVICE_ID	ZIGBEE_MAC_ID	HIERARCHY_ID
281050	000D6F0000D59AB2	NULL	000D6F0000D59AB2	1159
ID	ZIGBEE_MAC_ID	EXPECTED_SC_DEVICE_ID	ZIGBEE_MAC_ID	HIERARCHY_ID
281128	000D6F0000D59AB3	NULL	000D6F0000D59AB3	1159
ID	ZIGBEE_MAC_ID	EXPECTED_SC_DEVICE_ID	ZIGBEE_MAC_ID	HIERARCHY_ID
281051	000D6F0000D59AB6	NULL	000D6F0000D59AB6	1159
ID	ZIGBEE_MAC_ID	EXPECTED_SC_DEVICE_ID	ZIGBEE_MAC_ID	HIERARCHY_ID
281052	000D6F0000D59AB7	NULL	000D6F0000D59AB7	1159
ID	ZIGBEE_MAC_ID	EXPECTED_SC_DEVICE_ID	ZIGBEE_MAC_ID	HIERARCHY_ID
281053	000D6F0000D59ABB	NULL	000D6F0000D59ABB	1159
ID	ZIGBEE_MAC_ID	EXPECTED_SC_DEVICE_ID	ZIGBEE_MAC_ID	HIERARCHY_ID
281054	000D6F0000D59ABD	NULL	000D6F0000D59ABD	1159
ID	ZIGBEE_MAC_ID	EXPECTED_SC_DEVICE_ID	ZIGBEE_MAC_ID	HIERARCHY_ID
281129	000D6F0000D59ABE	NULL	000D6F0000D59ABE	1159
ID	ZIGBEE_MAC_ID	EXPECTED_SC_DEVICE_ID	ZIGBEE_MAC_ID	HIERARCHY_ID
281055	000D6F0000D59ABF	NULL	000D6F0000D59ABF	1159
ID	ZIGBEE_MAC_ID	EXPECTED_SC_DEVICE_ID	ZIGBEE_MAC_ID	HIERARCHY_ID
281056	000D6F0000D59AC1	NULL	000D6F0000D59AC1	1159
ID	ZIGBEE_MAC_ID	EXPECTED_SC_DEVICE_ID	ZIGBEE_MAC_ID	HIERARCHY_ID
281130	000D6F0000D59AC2	NULL	000D6F0000D59AC2	1159
ID	ZIGBEE_MAC_ID	EXPECTED_SC_DEVICE_ID	ZIGBEE_MAC_ID	HIERARCHY_ID
281057	000D6F0000D59AC3	NULL	000D6F0000D59AC3	1159
ID	ZIGBEE_MAC_ID	EXPECTED_SC_DEVICE_ID	ZIGBEE_MAC_ID	HIERARCHY_ID
281058	000D6F0000D59AC4	NULL	000D6F0000D59AC4	1159
ID	ZIGBEE_MAC_ID	EXPECTED_SC_DEVICE_ID	ZIGBEE_MAC_ID	HIERARCHY_ID
281059	000D6F0000D59AC5	NULL	000D6F0000D59AC5	1159
ID	ZIGBEE_MAC_ID	EXPECTED_SC_DEVICE_ID	ZIGBEE_MAC_ID	HIERARCHY_ID
281131	000D6F0000D59AC6	NULL	000D6F0000D59AC6	1159
ID	ZIGBEE_MAC_ID	EXPECTED_SC_DEVICE_ID	ZIGBEE_MAC_ID	HIERARCHY_ID
281060	000D6F0000D59AC9	NULL	000D6F0000D59AC9	1159
ID	ZIGBEE_MAC_ID	EXPECTED_SC_DEVICE_ID	ZIGBEE_MAC_ID	HIERARCHY_ID
281061	000D6F0000D59ACC	NULL	000D6F0000D59ACC	1159
ID	ZIGBEE_MAC_ID	EXPECTED_SC_DEVICE_ID	ZIGBEE_MAC_ID	HIERARCHY_ID
280894	000D6F0000D59AD1	NULL	000D6F0000D59AD1	1157
ID	ZIGBEE_MAC_ID	EXPECTED_SC_DEVICE_ID	ZIGBEE_MAC_ID	HIERARCHY_ID
280895	000D6F0000D59ADA	NULL	000D6F0000D59ADA	1157
ID	ZIGBEE_MAC_ID	EXPECTED_SC_DEVICE_ID	ZIGBEE_MAC_ID	HIERARCHY_ID
280896	000D6F0000D59AE7	NULL	000D6F0000D59AE7	1157
ID	ZIGBEE_MAC_ID	EXPECTED_SC_DEVICE_ID	ZIGBEE_MAC_ID	HIERARCHY_ID
280897	000D6F0000D59AE8	NULL	000D6F0000D59AE8	1157
ID	ZIGBEE_MAC_ID	EXPECTED_SC_DEVICE_ID	ZIGBEE_MAC_ID	HIERARCHY_ID
281062	000D6F0000D59AEB	NULL	000D6F0000D59AEB	1159
ID	ZIGBEE_MAC_ID	EXPECTED_SC_DEVICE_ID	ZIGBEE_MAC_ID	HIERARCHY_ID
280898	000D6F0000D59AEC	NULL	000D6F0000D59AEC	1157
ID	ZIGBEE_MAC_ID	EXPECTED_SC_DEVICE_ID	ZIGBEE_MAC_ID	HIERARCHY_ID
280899	000D6F0000D59AED	NULL	000D6F0000D59AED	1157
ID	ZIGBEE_MAC_ID	EXPECTED_SC_DEVICE_ID	ZIGBEE_MAC_ID	HIERARCHY_ID
280900	000D6F0000D59AF1	NULL	000D6F0000D59AF1	1157
ID	ZIGBEE_MAC_ID	EXPECTED_SC_DEVICE_ID	ZIGBEE_MAC_ID	HIERARCHY_ID
280901	000D6F0000D59AF6	NULL	000D6F0000D59AF6	1157
ID	ZIGBEE_MAC_ID	EXPECTED_SC_DEVICE_ID	ZIGBEE_MAC_ID	HIERARCHY_ID
281063	000D6F0000D59AF7	NULL	000D6F0000D59AF7	1159
ID	ZIGBEE_MAC_ID	EXPECTED_SC_DEVICE_ID	ZIGBEE_MAC_ID	HIERARCHY_ID
281064	000D6F0000D59AFB	NULL	000D6F0000D59AFB	1159
ID	ZIGBEE_MAC_ID	EXPECTED_SC_DEVICE_ID	ZIGBEE_MAC_ID	HIERARCHY_ID
281065	000D6F0000D59AFE	NULL	000D6F0000D59AFE	1159
ID	ZIGBEE_MAC_ID	EXPECTED_SC_DEVICE_ID	ZIGBEE_MAC_ID	HIERARCHY_ID
281066	000D6F0000D59AFF	NULL	000D6F0000D59AFF	1159
ID	ZIGBEE_MAC_ID	EXPECTED_SC_DEVICE_ID	ZIGBEE_MAC_ID	HIERARCHY_ID
281067	000D6F0000D59B05	NULL	000D6F0000D59B05	1159
ID	ZIGBEE_MAC_ID	EXPECTED_SC_DEVICE_ID	ZIGBEE_MAC_ID	HIERARCHY_ID
281068	000D6F0000D59B06	NULL	000D6F0000D59B06	1159
ID	ZIGBEE_MAC_ID	EXPECTED_SC_DEVICE_ID	ZIGBEE_MAC_ID	HIERARCHY_ID
281069	000D6F0000D59B0E	NULL	000D6F0000D59B0E	1159
ID	ZIGBEE_MAC_ID	EXPECTED_SC_DEVICE_ID	ZIGBEE_MAC_ID	HIERARCHY_ID
281132	000D6F0000D59B32	NULL	000D6F0000D59B32	1159
ID	ZIGBEE_MAC_ID	EXPECTED_SC_DEVICE_ID	ZIGBEE_MAC_ID	HIERARCHY_ID
281070	000D6F0000D59B33	NULL	000D6F0000D59B33	1159
ID	ZIGBEE_MAC_ID	EXPECTED_SC_DEVICE_ID	ZIGBEE_MAC_ID	HIERARCHY_ID
281071	000D6F0000D59B34	NULL	000D6F0000D59B34	1159
ID	ZIGBEE_MAC_ID	EXPECTED_SC_DEVICE_ID	ZIGBEE_MAC_ID	HIERARCHY_ID
281072	000D6F0000D59B35	NULL	000D6F0000D59B35	1159
ID	ZIGBEE_MAC_ID	EXPECTED_SC_DEVICE_ID	ZIGBEE_MAC_ID	HIERARCHY_ID
281073	000D6F0000D59B37	NULL	000D6F0000D59B37	1159
ID	ZIGBEE_MAC_ID	EXPECTED_SC_DEVICE_ID	ZIGBEE_MAC_ID	HIERARCHY_ID
281074	000D6F0000D59B38	NULL	000D6F0000D59B38	1159
ID	ZIGBEE_MAC_ID	EXPECTED_SC_DEVICE_ID	ZIGBEE_MAC_ID	HIERARCHY_ID
281133	000D6F0000D59B3C	NULL	000D6F0000D59B3C	1159
ID	ZIGBEE_MAC_ID	EXPECTED_SC_DEVICE_ID	ZIGBEE_MAC_ID	HIERARCHY_ID
280902	000D6F0000D59C57	NULL	000D6F0000D59C57	1157
ID	ZIGBEE_MAC_ID	EXPECTED_SC_DEVICE_ID	ZIGBEE_MAC_ID	HIERARCHY_ID
281075	000D6F0000D59C59	NULL	000D6F0000D59C59	1159
ID	ZIGBEE_MAC_ID	EXPECTED_SC_DEVICE_ID	ZIGBEE_MAC_ID	HIERARCHY_ID
280903	000D6F0000D59C5A	NULL	000D6F0000D59C5A	1157
ID	ZIGBEE_MAC_ID	EXPECTED_SC_DEVICE_ID	ZIGBEE_MAC_ID	HIERARCHY_ID
280904	000D6F0000D59C5B	NULL	000D6F0000D59C5B	1157
ID	ZIGBEE_MAC_ID	EXPECTED_SC_DEVICE_ID	ZIGBEE_MAC_ID	HIERARCHY_ID
280906	000D6F0000D59C6E	NULL	000D6F0000D59C6E	1157
ID	ZIGBEE_MAC_ID	EXPECTED_SC_DEVICE_ID	ZIGBEE_MAC_ID	HIERARCHY_ID
280907	000D6F0000D59C70	NULL	000D6F0000D59C70	1157
ID	ZIGBEE_MAC_ID	EXPECTED_SC_DEVICE_ID	ZIGBEE_MAC_ID	HIERARCHY_ID
280908	000D6F0000D59C7C	NULL	000D6F0000D59C7C	1157
ID	ZIGBEE_MAC_ID	EXPECTED_SC_DEVICE_ID	ZIGBEE_MAC_ID	HIERARCHY_ID
280909	000D6F0000D59C7F	NULL	000D6F0000D59C7F	1157
ID	ZIGBEE_MAC_ID	EXPECTED_SC_DEVICE_ID	ZIGBEE_MAC_ID	HIERARCHY_ID
280910	000D6F0000D59D07	NULL	000D6F0000D59D07	1157
ID	ZIGBEE_MAC_ID	EXPECTED_SC_DEVICE_ID	ZIGBEE_MAC_ID	HIERARCHY_ID
280911	000D6F0000D59D0B	NULL	000D6F0000D59D0B	1157
ID	ZIGBEE_MAC_ID	EXPECTED_SC_DEVICE_ID	ZIGBEE_MAC_ID	HIERARCHY_ID
280912	000D6F0000D59D10	NULL	000D6F0000D59D10	1157
ID	ZIGBEE_MAC_ID	EXPECTED_SC_DEVICE_ID	ZIGBEE_MAC_ID	HIERARCHY_ID
280913	000D6F0000D59D13	NULL	000D6F0000D59D13	1157
ID	ZIGBEE_MAC_ID	EXPECTED_SC_DEVICE_ID	ZIGBEE_MAC_ID	HIERARCHY_ID
280914	000D6F0000D59ED5	NULL	000D6F0000D59ED5	1157
ID	ZIGBEE_MAC_ID	EXPECTED_SC_DEVICE_ID	ZIGBEE_MAC_ID	HIERARCHY_ID
280915	000D6F0000D59F0F	NULL	000D6F0000D59F0F	1157
ID	ZIGBEE_MAC_ID	EXPECTED_SC_DEVICE_ID	ZIGBEE_MAC_ID	HIERARCHY_ID
280916	000D6F0000D5A00C	NULL	000D6F0000D5A00C	1157
ID	ZIGBEE_MAC_ID	EXPECTED_SC_DEVICE_ID	ZIGBEE_MAC_ID	HIERARCHY_ID
281076	000D6F0000D5A0E2	NULL	000D6F0000D5A0E2	1159
ID	ZIGBEE_MAC_ID	EXPECTED_SC_DEVICE_ID	ZIGBEE_MAC_ID	HIERARCHY_ID
280917	000D6F0000D5A0E3	NULL	000D6F0000D5A0E3	1157
ID	ZIGBEE_MAC_ID	EXPECTED_SC_DEVICE_ID	ZIGBEE_MAC_ID	HIERARCHY_ID
281077	000D6F0000D5A0E8	NULL	000D6F0000D5A0E8	1159
ID	ZIGBEE_MAC_ID	EXPECTED_SC_DEVICE_ID	ZIGBEE_MAC_ID	HIERARCHY_ID
280918	000D6F0000D5A0EA	NULL	000D6F0000D5A0EA	1157
ID	ZIGBEE_MAC_ID	EXPECTED_SC_DEVICE_ID	ZIGBEE_MAC_ID	HIERARCHY_ID
281078	000D6F0000D5A0EC	NULL	000D6F0000D5A0EC	1159
ID	ZIGBEE_MAC_ID	EXPECTED_SC_DEVICE_ID	ZIGBEE_MAC_ID	HIERARCHY_ID
281079	000D6F0000D5A0ED	NULL	000D6F0000D5A0ED	1159
ID	ZIGBEE_MAC_ID	EXPECTED_SC_DEVICE_ID	ZIGBEE_MAC_ID	HIERARCHY_ID
281080	000D6F0000D5A0EE	NULL	000D6F0000D5A0EE	1159
ID	ZIGBEE_MAC_ID	EXPECTED_SC_DEVICE_ID	ZIGBEE_MAC_ID	HIERARCHY_ID
280919	000D6F0000D5A0F0	NULL	000D6F0000D5A0F0	1157
ID	ZIGBEE_MAC_ID	EXPECTED_SC_DEVICE_ID	ZIGBEE_MAC_ID	HIERARCHY_ID
280920	000D6F0000D5A0F1	NULL	000D6F0000D5A0F1	1157
ID	ZIGBEE_MAC_ID	EXPECTED_SC_DEVICE_ID	ZIGBEE_MAC_ID	HIERARCHY_ID
280921	000D6F0000D5A0F4	NULL	000D6F0000D5A0F4	1157
ID	ZIGBEE_MAC_ID	EXPECTED_SC_DEVICE_ID	ZIGBEE_MAC_ID	HIERARCHY_ID
280922	000D6F0000D5A0F5	NULL	000D6F0000D5A0F5	1157
ID	ZIGBEE_MAC_ID	EXPECTED_SC_DEVICE_ID	ZIGBEE_MAC_ID	HIERARCHY_ID
280923	000D6F0000D5A0F6	NULL	000D6F0000D5A0F6	1157
ID	ZIGBEE_MAC_ID	EXPECTED_SC_DEVICE_ID	ZIGBEE_MAC_ID	HIERARCHY_ID
280924	000D6F0000D5A0F8	NULL	000D6F0000D5A0F8	1157
ID	ZIGBEE_MAC_ID	EXPECTED_SC_DEVICE_ID	ZIGBEE_MAC_ID	HIERARCHY_ID
280925	000D6F0000D5A0F9	NULL	000D6F0000D5A0F9	1157
ID	ZIGBEE_MAC_ID	EXPECTED_SC_DEVICE_ID	ZIGBEE_MAC_ID	HIERARCHY_ID
280926	000D6F0000D5A0FA	NULL	000D6F0000D5A0FA	1157
ID	ZIGBEE_MAC_ID	EXPECTED_SC_DEVICE_ID	ZIGBEE_MAC_ID	HIERARCHY_ID
280927	000D6F0000D5A0FB	NULL	000D6F0000D5A0FB	1157
ID	ZIGBEE_MAC_ID	EXPECTED_SC_DEVICE_ID	ZIGBEE_MAC_ID	HIERARCHY_ID
280928	000D6F0000D5A0FC	NULL	000D6F0000D5A0FC	1157
ID	ZIGBEE_MAC_ID	EXPECTED_SC_DEVICE_ID	ZIGBEE_MAC_ID	HIERARCHY_ID
280929	000D6F0000D5A0FD	NULL	000D6F0000D5A0FD	1157
ID	ZIGBEE_MAC_ID	EXPECTED_SC_DEVICE_ID	ZIGBEE_MAC_ID	HIERARCHY_ID
280930	000D6F0000D5A4E0	NULL	000D6F0000D5A4E0	1157
ID	ZIGBEE_MAC_ID	EXPECTED_SC_DEVICE_ID	ZIGBEE_MAC_ID	HIERARCHY_ID
281134	000D6F0000D5A4E8	NULL	000D6F0000D5A4E8	1159
ID	ZIGBEE_MAC_ID	EXPECTED_SC_DEVICE_ID	ZIGBEE_MAC_ID	HIERARCHY_ID
280931	000D6F0000D5A4E9	NULL	000D6F0000D5A4E9	1157
ID	ZIGBEE_MAC_ID	EXPECTED_SC_DEVICE_ID	ZIGBEE_MAC_ID	HIERARCHY_ID
280932	000D6F0000D5A523	NULL	000D6F0000D5A523	1157
ID	ZIGBEE_MAC_ID	EXPECTED_SC_DEVICE_ID	ZIGBEE_MAC_ID	HIERARCHY_ID
280933	000D6F0000D5A526	NULL	000D6F0000D5A526	1157
ID	ZIGBEE_MAC_ID	EXPECTED_SC_DEVICE_ID	ZIGBEE_MAC_ID	HIERARCHY_ID
280934	000D6F0000D5A53D	NULL	000D6F0000D5A53D	1157
ID	ZIGBEE_MAC_ID	EXPECTED_SC_DEVICE_ID	ZIGBEE_MAC_ID	HIERARCHY_ID
280935	000D6F0000D5A53F	NULL	000D6F0000D5A53F	1157
ID	ZIGBEE_MAC_ID	EXPECTED_SC_DEVICE_ID	ZIGBEE_MAC_ID	HIERARCHY_ID
280936	000D6F0000D5A540	NULL	000D6F0000D5A540	1157
ID	ZIGBEE_MAC_ID	EXPECTED_SC_DEVICE_ID	ZIGBEE_MAC_ID	HIERARCHY_ID
280937	000D6F0000D5A541	NULL	000D6F0000D5A541	1157
ID	ZIGBEE_MAC_ID	EXPECTED_SC_DEVICE_ID	ZIGBEE_MAC_ID	HIERARCHY_ID
280938	000D6F0000D5A546	NULL	000D6F0000D5A546	1157
ID	ZIGBEE_MAC_ID	EXPECTED_SC_DEVICE_ID	ZIGBEE_MAC_ID	HIERARCHY_ID
280939	000D6F0000D5A549	NULL	000D6F0000D5A549	1157
ID	ZIGBEE_MAC_ID	EXPECTED_SC_DEVICE_ID	ZIGBEE_MAC_ID	HIERARCHY_ID
280940	000D6F0000D5A54F	NULL	000D6F0000D5A54F	1157
ID	ZIGBEE_MAC_ID	EXPECTED_SC_DEVICE_ID	ZIGBEE_MAC_ID	HIERARCHY_ID
280941	000D6F0000D5A559	NULL	000D6F0000D5A559	1157
ID	ZIGBEE_MAC_ID	EXPECTED_SC_DEVICE_ID	ZIGBEE_MAC_ID	HIERARCHY_ID
280942	000D6F0000D5A55D	NULL	000D6F0000D5A55D	1157
ID	ZIGBEE_MAC_ID	EXPECTED_SC_DEVICE_ID	ZIGBEE_MAC_ID	HIERARCHY_ID
280943	000D6F0000D5A9F1	NULL	000D6F0000D5A9F1	1157
ID	ZIGBEE_MAC_ID	EXPECTED_SC_DEVICE_ID	ZIGBEE_MAC_ID	HIERARCHY_ID
280944	000D6F0000D5A9F3	NULL	000D6F0000D5A9F3	1157
ID	ZIGBEE_MAC_ID	EXPECTED_SC_DEVICE_ID	ZIGBEE_MAC_ID	HIERARCHY_ID
280945	000D6F0000D5A9F7	NULL	000D6F0000D5A9F7	1157
ID	ZIGBEE_MAC_ID	EXPECTED_SC_DEVICE_ID	ZIGBEE_MAC_ID	HIERARCHY_ID
280946	000D6F0000D5A9F8	NULL	000D6F0000D5A9F8	1157
ID	ZIGBEE_MAC_ID	EXPECTED_SC_DEVICE_ID	ZIGBEE_MAC_ID	HIERARCHY_ID
280947	000D6F0000D5A9FB	NULL	000D6F0000D5A9FB	1157
ID	ZIGBEE_MAC_ID	EXPECTED_SC_DEVICE_ID	ZIGBEE_MAC_ID	HIERARCHY_ID
280948	000D6F0000D5A9FC	NULL	000D6F0000D5A9FC	1157
ID	ZIGBEE_MAC_ID	EXPECTED_SC_DEVICE_ID	ZIGBEE_MAC_ID	HIERARCHY_ID
280949	000D6F0000D5AA1E	NULL	000D6F0000D5AA1E	1157
ID	ZIGBEE_MAC_ID	EXPECTED_SC_DEVICE_ID	ZIGBEE_MAC_ID	HIERARCHY_ID
280950	000D6F0000D5AA22	NULL	000D6F0000D5AA22	1157
ID	ZIGBEE_MAC_ID	EXPECTED_SC_DEVICE_ID	ZIGBEE_MAC_ID	HIERARCHY_ID
280951	000D6F0000D5AA25	NULL	000D6F0000D5AA25	1157
ID	ZIGBEE_MAC_ID	EXPECTED_SC_DEVICE_ID	ZIGBEE_MAC_ID	HIERARCHY_ID
280952	000D6F0000D5AA26	NULL	000D6F0000D5AA26	1157
ID	ZIGBEE_MAC_ID	EXPECTED_SC_DEVICE_ID	ZIGBEE_MAC_ID	HIERARCHY_ID
280953	000D6F0000D5AA28	NULL	000D6F0000D5AA28	1157
ID	ZIGBEE_MAC_ID	EXPECTED_SC_DEVICE_ID	ZIGBEE_MAC_ID	HIERARCHY_ID
280954	000D6F0000D5AA2B	NULL	000D6F0000D5AA2B	1157
ID	ZIGBEE_MAC_ID	EXPECTED_SC_DEVICE_ID	ZIGBEE_MAC_ID	HIERARCHY_ID
281081	000D6F0000D5C979	NULL	000D6F0000D5C979	1159
ID	ZIGBEE_MAC_ID	EXPECTED_SC_DEVICE_ID	ZIGBEE_MAC_ID	HIERARCHY_ID
281082	000D6F0000D5C9BE	NULL	000D6F0000D5C9BE	1159
ID	ZIGBEE_MAC_ID	EXPECTED_SC_DEVICE_ID	ZIGBEE_MAC_ID	HIERARCHY_ID
280955	000D6F0000D5C9BF	NULL	000D6F0000D5C9BF	1157
ID	ZIGBEE_MAC_ID	EXPECTED_SC_DEVICE_ID	ZIGBEE_MAC_ID	HIERARCHY_ID
281083	000D6F0000D5C9C0	NULL	000D6F0000D5C9C0	1159
ID	ZIGBEE_MAC_ID	EXPECTED_SC_DEVICE_ID	ZIGBEE_MAC_ID	HIERARCHY_ID
281084	000D6F0000D5C9C1	NULL	000D6F0000D5C9C1	1159
ID	ZIGBEE_MAC_ID	EXPECTED_SC_DEVICE_ID	ZIGBEE_MAC_ID	HIERARCHY_ID
280956	000D6F0000D5C9C6	NULL	000D6F0000D5C9C6	1157
ID	ZIGBEE_MAC_ID	EXPECTED_SC_DEVICE_ID	ZIGBEE_MAC_ID	HIERARCHY_ID
280957	000D6F0000D5C9C7	NULL	000D6F0000D5C9C7	1157
ID	ZIGBEE_MAC_ID	EXPECTED_SC_DEVICE_ID	ZIGBEE_MAC_ID	HIERARCHY_ID
281085	000D6F0000D5C9C8	NULL	000D6F0000D5C9C8	1159
ID	ZIGBEE_MAC_ID	EXPECTED_SC_DEVICE_ID	ZIGBEE_MAC_ID	HIERARCHY_ID
281086	000D6F0000D5C9C9	NULL	000D6F0000D5C9C9	1159
ID	ZIGBEE_MAC_ID	EXPECTED_SC_DEVICE_ID	ZIGBEE_MAC_ID	HIERARCHY_ID
281087	000D6F0000D5C9CC	NULL	000D6F0000D5C9CC	1159
ID	ZIGBEE_MAC_ID	EXPECTED_SC_DEVICE_ID	ZIGBEE_MAC_ID	HIERARCHY_ID
281088	000D6F0000D5CA35	NULL	000D6F0000D5CA35	1159
ID	ZIGBEE_MAC_ID	EXPECTED_SC_DEVICE_ID	ZIGBEE_MAC_ID	HIERARCHY_ID
281089	000D6F0000D5CA3B	NULL	000D6F0000D5CA3B	1159
ID	ZIGBEE_MAC_ID	EXPECTED_SC_DEVICE_ID	ZIGBEE_MAC_ID	HIERARCHY_ID
281090	000D6F0000D5CA42	NULL	000D6F0000D5CA42	1159
ID	ZIGBEE_MAC_ID	EXPECTED_SC_DEVICE_ID	ZIGBEE_MAC_ID	HIERARCHY_ID
281091	000D6F0000D5CA43	NULL	000D6F0000D5CA43	1159
ID	ZIGBEE_MAC_ID	EXPECTED_SC_DEVICE_ID	ZIGBEE_MAC_ID	HIERARCHY_ID
281092	000D6F0000D5CA45	NULL	000D6F0000D5CA45	1159
ID	ZIGBEE_MAC_ID	EXPECTED_SC_DEVICE_ID	ZIGBEE_MAC_ID	HIERARCHY_ID
281093	000D6F0000D5CA49	NULL	000D6F0000D5CA49	1159
ID	ZIGBEE_MAC_ID	EXPECTED_SC_DEVICE_ID	ZIGBEE_MAC_ID	HIERARCHY_ID
280958	000D6F0000D5CAA5	NULL	000D6F0000D5CAA5	1157
ID	ZIGBEE_MAC_ID	EXPECTED_SC_DEVICE_ID	ZIGBEE_MAC_ID	HIERARCHY_ID
280959	000D6F0000D5CAA7	NULL	000D6F0000D5CAA7	1157
ID	ZIGBEE_MAC_ID	EXPECTED_SC_DEVICE_ID	ZIGBEE_MAC_ID	HIERARCHY_ID
280960	000D6F0000D5CAAB	NULL	000D6F0000D5CAAB	1157
ID	ZIGBEE_MAC_ID	EXPECTED_SC_DEVICE_ID	ZIGBEE_MAC_ID	HIERARCHY_ID
280961	000D6F0000D5CAAC	NULL	000D6F0000D5CAAC	1157
ID	ZIGBEE_MAC_ID	EXPECTED_SC_DEVICE_ID	ZIGBEE_MAC_ID	HIERARCHY_ID
280962	000D6F0000D5CAAF	NULL	000D6F0000D5CAAF	1157
ID	ZIGBEE_MAC_ID	EXPECTED_SC_DEVICE_ID	ZIGBEE_MAC_ID	HIERARCHY_ID
280963	000D6F0000D5CAB1	NULL	000D6F0000D5CAB1	1157
ID	ZIGBEE_MAC_ID	EXPECTED_SC_DEVICE_ID	ZIGBEE_MAC_ID	HIERARCHY_ID
280964	000D6F0000D5CAB3	NULL	000D6F0000D5CAB3	1157
ID	ZIGBEE_MAC_ID	EXPECTED_SC_DEVICE_ID	ZIGBEE_MAC_ID	HIERARCHY_ID
280965	000D6F0000D5CF71	NULL	000D6F0000D5CF71	1157
ID	ZIGBEE_MAC_ID	EXPECTED_SC_DEVICE_ID	ZIGBEE_MAC_ID	HIERARCHY_ID
280966	000D6F0000D5CF75	NULL	000D6F0000D5CF75	1157
ID	ZIGBEE_MAC_ID	EXPECTED_SC_DEVICE_ID	ZIGBEE_MAC_ID	HIERARCHY_ID
280967	000D6F0000D5CF7A	NULL	000D6F0000D5CF7A	1157
ID	ZIGBEE_MAC_ID	EXPECTED_SC_DEVICE_ID	ZIGBEE_MAC_ID	HIERARCHY_ID
280968	000D6F0000D5CF7C	NULL	000D6F0000D5CF7C	1157
ID	ZIGBEE_MAC_ID	EXPECTED_SC_DEVICE_ID	ZIGBEE_MAC_ID	HIERARCHY_ID
280969	000D6F0000D5CF7E	NULL	000D6F0000D5CF7E	1157
ID	ZIGBEE_MAC_ID	EXPECTED_SC_DEVICE_ID	ZIGBEE_MAC_ID	HIERARCHY_ID
280970	000D6F0000D5CF80	NULL	000D6F0000D5CF80	1157
ID	ZIGBEE_MAC_ID	EXPECTED_SC_DEVICE_ID	ZIGBEE_MAC_ID	HIERARCHY_ID
281135	000D6F0000D5CF81	NULL	000D6F0000D5CF81	1159
ID	ZIGBEE_MAC_ID	EXPECTED_SC_DEVICE_ID	ZIGBEE_MAC_ID	HIERARCHY_ID
281094	000D6F0000D5CF86	NULL	000D6F0000D5CF86	1159
ID	ZIGBEE_MAC_ID	EXPECTED_SC_DEVICE_ID	ZIGBEE_MAC_ID	HIERARCHY_ID
281095	000D6F0000D5CF87	NULL	000D6F0000D5CF87	1159
ID	ZIGBEE_MAC_ID	EXPECTED_SC_DEVICE_ID	ZIGBEE_MAC_ID	HIERARCHY_ID
281096	000D6F0000D5CF8A	NULL	000D6F0000D5CF8A	1159
ID	ZIGBEE_MAC_ID	EXPECTED_SC_DEVICE_ID	ZIGBEE_MAC_ID	HIERARCHY_ID
281136	000D6F0000D5CF8C	NULL	000D6F0000D5CF8C	1159
ID	ZIGBEE_MAC_ID	EXPECTED_SC_DEVICE_ID	ZIGBEE_MAC_ID	HIERARCHY_ID
281097	000D6F0000D5CF90	NULL	000D6F0000D5CF90	1159
ID	ZIGBEE_MAC_ID	EXPECTED_SC_DEVICE_ID	ZIGBEE_MAC_ID	HIERARCHY_ID
280971	000D6F0000D5D19E	NULL	000D6F0000D5D19E	1157
ID	ZIGBEE_MAC_ID	EXPECTED_SC_DEVICE_ID	ZIGBEE_MAC_ID	HIERARCHY_ID
281098	000D6F0000D5D1A0	NULL	000D6F0000D5D1A0	1159
ID	ZIGBEE_MAC_ID	EXPECTED_SC_DEVICE_ID	ZIGBEE_MAC_ID	HIERARCHY_ID
280972	000D6F0000D5D1A2	NULL	000D6F0000D5D1A2	1157
ID	ZIGBEE_MAC_ID	EXPECTED_SC_DEVICE_ID	ZIGBEE_MAC_ID	HIERARCHY_ID
281099	000D6F0000D5D1AB	NULL	000D6F0000D5D1AB	1159
ID	ZIGBEE_MAC_ID	EXPECTED_SC_DEVICE_ID	ZIGBEE_MAC_ID	HIERARCHY_ID
281100	000D6F0000D5D1AE	NULL	000D6F0000D5D1AE	1159
ID	ZIGBEE_MAC_ID	EXPECTED_SC_DEVICE_ID	ZIGBEE_MAC_ID	HIERARCHY_ID
281101	000D6F0000D5D1B1	NULL	000D6F0000D5D1B1	1159
ID	ZIGBEE_MAC_ID	EXPECTED_SC_DEVICE_ID	ZIGBEE_MAC_ID	HIERARCHY_ID
281102	000D6F0000D5D1D7	NULL	000D6F0000D5D1D7	1159
ID	ZIGBEE_MAC_ID	EXPECTED_SC_DEVICE_ID	ZIGBEE_MAC_ID	HIERARCHY_ID
280973	000D6F0000D5D4E2	NULL	000D6F0000D5D4E2	1157
ID	ZIGBEE_MAC_ID	EXPECTED_SC_DEVICE_ID	ZIGBEE_MAC_ID	HIERARCHY_ID
281137	000D6F0000D5D50A	NULL	000D6F0000D5D50A	1159
ID	ZIGBEE_MAC_ID	EXPECTED_SC_DEVICE_ID	ZIGBEE_MAC_ID	HIERARCHY_ID
280974	000D6F0000D5D549	NULL	000D6F0000D5D549	1157
ID	ZIGBEE_MAC_ID	EXPECTED_SC_DEVICE_ID	ZIGBEE_MAC_ID	HIERARCHY_ID
280975	000D6F0000D5D54A	NULL	000D6F0000D5D54A	1157
ID	ZIGBEE_MAC_ID	EXPECTED_SC_DEVICE_ID	ZIGBEE_MAC_ID	HIERARCHY_ID
280976	000D6F0000D5D54B	NULL	000D6F0000D5D54B	1157
ID	ZIGBEE_MAC_ID	EXPECTED_SC_DEVICE_ID	ZIGBEE_MAC_ID	HIERARCHY_ID
281103	000D6F0000D5D54C	NULL	000D6F0000D5D54C	1159
ID	ZIGBEE_MAC_ID	EXPECTED_SC_DEVICE_ID	ZIGBEE_MAC_ID	HIERARCHY_ID
280977	000D6F0000D5D54D	NULL	000D6F0000D5D54D	1157
ID	ZIGBEE_MAC_ID	EXPECTED_SC_DEVICE_ID	ZIGBEE_MAC_ID	HIERARCHY_ID
281104	000D6F0000D5D54E	NULL	000D6F0000D5D54E	1159
ID	ZIGBEE_MAC_ID	EXPECTED_SC_DEVICE_ID	ZIGBEE_MAC_ID	HIERARCHY_ID
281105	000D6F0000D5D552	NULL	000D6F0000D5D552	1159
ID	ZIGBEE_MAC_ID	EXPECTED_SC_DEVICE_ID	ZIGBEE_MAC_ID	HIERARCHY_ID
280978	000D6F0000D5D555	NULL	000D6F0000D5D555	1157
ID	ZIGBEE_MAC_ID	EXPECTED_SC_DEVICE_ID	ZIGBEE_MAC_ID	HIERARCHY_ID
281106	000D6F0000D5D558	NULL	000D6F0000D5D558	1159
ID	ZIGBEE_MAC_ID	EXPECTED_SC_DEVICE_ID	ZIGBEE_MAC_ID	HIERARCHY_ID
280979	000D6F0000D5D56B	NULL	000D6F0000D5D56B	1157
ID	ZIGBEE_MAC_ID	EXPECTED_SC_DEVICE_ID	ZIGBEE_MAC_ID	HIERARCHY_ID
281107	000D6F0000D5EE09	NULL	000D6F0000D5EE09	1159
ID	ZIGBEE_MAC_ID	EXPECTED_SC_DEVICE_ID	ZIGBEE_MAC_ID	HIERARCHY_ID
281108	000D6F0000D5EE0C	NULL	000D6F0000D5EE0C	1159
ID	ZIGBEE_MAC_ID	EXPECTED_SC_DEVICE_ID	ZIGBEE_MAC_ID	HIERARCHY_ID
281109	000D6F0000D5EE11	NULL	000D6F0000D5EE11	1159
ID	ZIGBEE_MAC_ID	EXPECTED_SC_DEVICE_ID	ZIGBEE_MAC_ID	HIERARCHY_ID
281110	000D6F0000D5EE15	NULL	000D6F0000D5EE15	1159
ID	ZIGBEE_MAC_ID	EXPECTED_SC_DEVICE_ID	ZIGBEE_MAC_ID	HIERARCHY_ID
281111	000D6F0000D5EE1D	NULL	000D6F0000D5EE1D	1159
ID	ZIGBEE_MAC_ID	EXPECTED_SC_DEVICE_ID	ZIGBEE_MAC_ID	HIERARCHY_ID
280980	000D6F0000D5EE26	NULL	000D6F0000D5EE26	1157
ID	ZIGBEE_MAC_ID	EXPECTED_SC_DEVICE_ID	ZIGBEE_MAC_ID	HIERARCHY_ID
280981	000D6F0000D5EE2E	NULL	000D6F0000D5EE2E	1157
ID	ZIGBEE_MAC_ID	EXPECTED_SC_DEVICE_ID	ZIGBEE_MAC_ID	HIERARCHY_ID
280982	000D6F0000D5F01E	NULL	000D6F0000D5F01E	1157
ID	ZIGBEE_MAC_ID	EXPECTED_SC_DEVICE_ID	ZIGBEE_MAC_ID	HIERARCHY_ID
281112	000D6F0000D5F142	NULL	000D6F0000D5F142	1159
