ID	ZIGBEE_MAC_ID	EXPECTED_ZIGBEE_MAC_ID	ZIGBEE_MAC_ID	HIERARCHY_ID
137584938	000D6F0000D5453B	NULL	000D6F0000D5453B	1157
ID	ZIGBEE_MAC_ID	EXPECTED_ZIGBEE_MAC_ID	ZIGBEE_MAC_ID	HIERARCHY_ID
137758979	000D6F0000D547BD	NULL	000D6F0000D547BD	1159
ID	ZIGBEE_MAC_ID	EXPECTED_ZIGBEE_MAC_ID	ZIGBEE_MAC_ID	HIERARCHY_ID
137585001	000D6F0000D55DE5	NULL	000D6F0000D55DE5	1157
ID	ZIGBEE_MAC_ID	EXPECTED_ZIGBEE_MAC_ID	ZIGBEE_MAC_ID	HIERARCHY_ID
137584916	000D6F0000D55FDA	NULL	000D6F0000D55FDA	1157
ID	ZIGBEE_MAC_ID	EXPECTED_ZIGBEE_MAC_ID	ZIGBEE_MAC_ID	HIERARCHY_ID
137584973	000D6F0000D55FE4	NULL	000D6F0000D55FE4	1157
ID	ZIGBEE_MAC_ID	EXPECTED_ZIGBEE_MAC_ID	ZIGBEE_MAC_ID	HIERARCHY_ID
137584981	000D6F0000D55FEC	NULL	000D6F0000D55FEC	1157
ID	ZIGBEE_MAC_ID	EXPECTED_ZIGBEE_MAC_ID	ZIGBEE_MAC_ID	HIERARCHY_ID
137584845	000D6F0000D55FF2	NULL	000D6F0000D55FF2	1157
ID	ZIGBEE_MAC_ID	EXPECTED_ZIGBEE_MAC_ID	ZIGBEE_MAC_ID	HIERARCHY_ID
137584898	000D6F0000D5605F	NULL	000D6F0000D5605F	1157
ID	ZIGBEE_MAC_ID	EXPECTED_ZIGBEE_MAC_ID	ZIGBEE_MAC_ID	HIERARCHY_ID
137584849	000D6F0000D56060	NULL	000D6F0000D56060	1157
ID	ZIGBEE_MAC_ID	EXPECTED_ZIGBEE_MAC_ID	ZIGBEE_MAC_ID	HIERARCHY_ID
137584850	000D6F0000D56066	NULL	000D6F0000D56066	1157
ID	ZIGBEE_MAC_ID	EXPECTED_ZIGBEE_MAC_ID	ZIGBEE_MAC_ID	HIERARCHY_ID
137584870	000D6F0000D5606A	NULL	000D6F0000D5606A	1157
ID	ZIGBEE_MAC_ID	EXPECTED_ZIGBEE_MAC_ID	ZIGBEE_MAC_ID	HIERARCHY_ID
137584872	000D6F0000D5606B	NULL	000D6F0000D5606B	1157
ID	ZIGBEE_MAC_ID	EXPECTED_ZIGBEE_MAC_ID	ZIGBEE_MAC_ID	HIERARCHY_ID
137584871	000D6F0000D5606C	NULL	000D6F0000D5606C	1157
ID	ZIGBEE_MAC_ID	EXPECTED_ZIGBEE_MAC_ID	ZIGBEE_MAC_ID	HIERARCHY_ID
137584873	000D6F0000D5606F	NULL	000D6F0000D5606F	1157
ID	ZIGBEE_MAC_ID	EXPECTED_ZIGBEE_MAC_ID	ZIGBEE_MAC_ID	HIERARCHY_ID
137759072	000D6F0000D56071	NULL	000D6F0000D56071	1159
ID	ZIGBEE_MAC_ID	EXPECTED_ZIGBEE_MAC_ID	ZIGBEE_MAC_ID	HIERARCHY_ID
137759071	000D6F0000D56076	NULL	000D6F0000D56076	1159
ID	ZIGBEE_MAC_ID	EXPECTED_ZIGBEE_MAC_ID	ZIGBEE_MAC_ID	HIERARCHY_ID
137759070	000D6F0000D5607A	NULL	000D6F0000D5607A	1159
ID	ZIGBEE_MAC_ID	EXPECTED_ZIGBEE_MAC_ID	ZIGBEE_MAC_ID	HIERARCHY_ID
137756806	000D6F0000D5607D	NULL	000D6F0000D5607D	1159
ID	ZIGBEE_MAC_ID	EXPECTED_ZIGBEE_MAC_ID	ZIGBEE_MAC_ID	HIERARCHY_ID
137759069	000D6F0000D5607E	NULL	000D6F0000D5607E	1159
ID	ZIGBEE_MAC_ID	EXPECTED_ZIGBEE_MAC_ID	ZIGBEE_MAC_ID	HIERARCHY_ID
137584876	000D6F0000D56087	NULL	000D6F0000D56087	1157
ID	ZIGBEE_MAC_ID	EXPECTED_ZIGBEE_MAC_ID	ZIGBEE_MAC_ID	HIERARCHY_ID
137585021	000D6F0000D56091	NULL	000D6F0000D56091	1157
ID	ZIGBEE_MAC_ID	EXPECTED_ZIGBEE_MAC_ID	ZIGBEE_MAC_ID	HIERARCHY_ID
137585018	000D6F0000D56094	NULL	000D6F0000D56094	1157
ID	ZIGBEE_MAC_ID	EXPECTED_ZIGBEE_MAC_ID	ZIGBEE_MAC_ID	HIERARCHY_ID
137585019	000D6F0000D56095	NULL	000D6F0000D56095	1157
ID	ZIGBEE_MAC_ID	EXPECTED_ZIGBEE_MAC_ID	ZIGBEE_MAC_ID	HIERARCHY_ID
137585020	000D6F0000D56097	NULL	000D6F0000D56097	1157
ID	ZIGBEE_MAC_ID	EXPECTED_ZIGBEE_MAC_ID	ZIGBEE_MAC_ID	HIERARCHY_ID
137585017	000D6F0000D56099	NULL	000D6F0000D56099	1157
ID	ZIGBEE_MAC_ID	EXPECTED_ZIGBEE_MAC_ID	ZIGBEE_MAC_ID	HIERARCHY_ID
137585005	000D6F0000D5609A	NULL	000D6F0000D5609A	1157
ID	ZIGBEE_MAC_ID	EXPECTED_ZIGBEE_MAC_ID	ZIGBEE_MAC_ID	HIERARCHY_ID
137585006	000D6F0000D5609C	NULL	000D6F0000D5609C	1157
ID	ZIGBEE_MAC_ID	EXPECTED_ZIGBEE_MAC_ID	ZIGBEE_MAC_ID	HIERARCHY_ID
137585004	000D6F0000D5609D	NULL	000D6F0000D5609D	1157
ID	ZIGBEE_MAC_ID	EXPECTED_ZIGBEE_MAC_ID	ZIGBEE_MAC_ID	HIERARCHY_ID
137584923	000D6F0000D560A1	NULL	000D6F0000D560A1	1157
ID	ZIGBEE_MAC_ID	EXPECTED_ZIGBEE_MAC_ID	ZIGBEE_MAC_ID	HIERARCHY_ID
137584914	000D6F0000D5613F	NULL	000D6F0000D5613F	1157
ID	ZIGBEE_MAC_ID	EXPECTED_ZIGBEE_MAC_ID	ZIGBEE_MAC_ID	HIERARCHY_ID
137584957	000D6F0000D56143	NULL	000D6F0000D56143	1157
ID	ZIGBEE_MAC_ID	EXPECTED_ZIGBEE_MAC_ID	ZIGBEE_MAC_ID	HIERARCHY_ID
137584844	000D6F0000D56162	NULL	000D6F0000D56162	1157
ID	ZIGBEE_MAC_ID	EXPECTED_ZIGBEE_MAC_ID	ZIGBEE_MAC_ID	HIERARCHY_ID
137584878	000D6F0000D5624D	NULL	000D6F0000D5624D	1157
ID	ZIGBEE_MAC_ID	EXPECTED_ZIGBEE_MAC_ID	ZIGBEE_MAC_ID	HIERARCHY_ID
137584897	000D6F0000D56277	NULL	000D6F0000D56277	1157
ID	ZIGBEE_MAC_ID	EXPECTED_ZIGBEE_MAC_ID	ZIGBEE_MAC_ID	HIERARCHY_ID
137759063	000D6F0000D566ED	NULL	000D6F0000D566ED	1159
ID	ZIGBEE_MAC_ID	EXPECTED_ZIGBEE_MAC_ID	ZIGBEE_MAC_ID	HIERARCHY_ID
137759064	000D6F0000D566EE	NULL	000D6F0000D566EE	1159
ID	ZIGBEE_MAC_ID	EXPECTED_ZIGBEE_MAC_ID	ZIGBEE_MAC_ID	HIERARCHY_ID
137584980	000D6F0000D566EF	NULL	000D6F0000D566EF	1159
ID	ZIGBEE_MAC_ID	EXPECTED_ZIGBEE_MAC_ID	ZIGBEE_MAC_ID	HIERARCHY_ID
137759036	000D6F0000D566F0	NULL	000D6F0000D566F0	1159
ID	ZIGBEE_MAC_ID	EXPECTED_ZIGBEE_MAC_ID	ZIGBEE_MAC_ID	HIERARCHY_ID
137759035	000D6F0000D566F1	NULL	000D6F0000D566F1	1159
ID	ZIGBEE_MAC_ID	EXPECTED_ZIGBEE_MAC_ID	ZIGBEE_MAC_ID	HIERARCHY_ID
137759034	000D6F0000D566F3	NULL	000D6F0000D566F3	1159
ID	ZIGBEE_MAC_ID	EXPECTED_ZIGBEE_MAC_ID	ZIGBEE_MAC_ID	HIERARCHY_ID
137756767	000D6F0000D566F4	NULL	000D6F0000D566F4	1159
ID	ZIGBEE_MAC_ID	EXPECTED_ZIGBEE_MAC_ID	ZIGBEE_MAC_ID	HIERARCHY_ID
137759033	000D6F0000D566F5	NULL	000D6F0000D566F5	1159
ID	ZIGBEE_MAC_ID	EXPECTED_ZIGBEE_MAC_ID	ZIGBEE_MAC_ID	HIERARCHY_ID
137759037	000D6F0000D566F9	NULL	000D6F0000D566F9	1159
ID	ZIGBEE_MAC_ID	EXPECTED_ZIGBEE_MAC_ID	ZIGBEE_MAC_ID	HIERARCHY_ID
137584915	000D6F0000D566FA	NULL	000D6F0000D566FA	1159
ID	ZIGBEE_MAC_ID	EXPECTED_ZIGBEE_MAC_ID	ZIGBEE_MAC_ID	HIERARCHY_ID
137759027	000D6F0000D566FC	NULL	000D6F0000D566FC	1159
ID	ZIGBEE_MAC_ID	EXPECTED_ZIGBEE_MAC_ID	ZIGBEE_MAC_ID	HIERARCHY_ID
137759026	000D6F0000D566FD	NULL	000D6F0000D566FD	1159
ID	ZIGBEE_MAC_ID	EXPECTED_ZIGBEE_MAC_ID	ZIGBEE_MAC_ID	HIERARCHY_ID
137584852	000D6F0000D56701	NULL	000D6F0000D56701	1159
ID	ZIGBEE_MAC_ID	EXPECTED_ZIGBEE_MAC_ID	ZIGBEE_MAC_ID	HIERARCHY_ID
137759030	000D6F0000D56703	NULL	000D6F0000D56703	1159
ID	ZIGBEE_MAC_ID	EXPECTED_ZIGBEE_MAC_ID	ZIGBEE_MAC_ID	HIERARCHY_ID
137758985	000D6F0000D56707	NULL	000D6F0000D56707	1159
ID	ZIGBEE_MAC_ID	EXPECTED_ZIGBEE_MAC_ID	ZIGBEE_MAC_ID	HIERARCHY_ID
137759077	000D6F0000D56709	NULL	000D6F0000D56709	1159
ID	ZIGBEE_MAC_ID	EXPECTED_ZIGBEE_MAC_ID	ZIGBEE_MAC_ID	HIERARCHY_ID
137759065	000D6F0000D5670A	NULL	000D6F0000D5670A	1159
ID	ZIGBEE_MAC_ID	EXPECTED_ZIGBEE_MAC_ID	ZIGBEE_MAC_ID	HIERARCHY_ID
137758989	000D6F0000D5670B	NULL	000D6F0000D5670B	1159
ID	ZIGBEE_MAC_ID	EXPECTED_ZIGBEE_MAC_ID	ZIGBEE_MAC_ID	HIERARCHY_ID
137584875	000D6F0000D5670C	NULL	000D6F0000D5670C	1159
ID	ZIGBEE_MAC_ID	EXPECTED_ZIGBEE_MAC_ID	ZIGBEE_MAC_ID	HIERARCHY_ID
137758990	000D6F0000D5670E	NULL	000D6F0000D5670E	1159
ID	ZIGBEE_MAC_ID	EXPECTED_ZIGBEE_MAC_ID	ZIGBEE_MAC_ID	HIERARCHY_ID
137759020	000D6F0000D56715	NULL	000D6F0000D56715	1159
ID	ZIGBEE_MAC_ID	EXPECTED_ZIGBEE_MAC_ID	ZIGBEE_MAC_ID	HIERARCHY_ID
137759019	000D6F0000D56716	NULL	000D6F0000D56716	1159
ID	ZIGBEE_MAC_ID	EXPECTED_ZIGBEE_MAC_ID	ZIGBEE_MAC_ID	HIERARCHY_ID
137584904	000D6F0000D56719	NULL	000D6F0000D56719	1159
ID	ZIGBEE_MAC_ID	EXPECTED_ZIGBEE_MAC_ID	ZIGBEE_MAC_ID	HIERARCHY_ID
137759013	000D6F0000D5671A	NULL	000D6F0000D5671A	1159
ID	ZIGBEE_MAC_ID	EXPECTED_ZIGBEE_MAC_ID	ZIGBEE_MAC_ID	HIERARCHY_ID
137759012	000D6F0000D5671B	NULL	000D6F0000D5671B	1159
ID	ZIGBEE_MAC_ID	EXPECTED_ZIGBEE_MAC_ID	ZIGBEE_MAC_ID	HIERARCHY_ID
137759015	000D6F0000D5671D	NULL	000D6F0000D5671D	1159
ID	ZIGBEE_MAC_ID	EXPECTED_ZIGBEE_MAC_ID	ZIGBEE_MAC_ID	HIERARCHY_ID
137759014	000D6F0000D5671F	NULL	000D6F0000D5671F	1159
ID	ZIGBEE_MAC_ID	EXPECTED_ZIGBEE_MAC_ID	ZIGBEE_MAC_ID	HIERARCHY_ID
137759038	000D6F0000D56721	NULL	000D6F0000D56721	1159
ID	ZIGBEE_MAC_ID	EXPECTED_ZIGBEE_MAC_ID	ZIGBEE_MAC_ID	HIERARCHY_ID
137759057	000D6F0000D56722	NULL	000D6F0000D56722	1159
ID	ZIGBEE_MAC_ID	EXPECTED_ZIGBEE_MAC_ID	ZIGBEE_MAC_ID	HIERARCHY_ID
137759058	000D6F0000D56723	NULL	000D6F0000D56723	1159
ID	ZIGBEE_MAC_ID	EXPECTED_ZIGBEE_MAC_ID	ZIGBEE_MAC_ID	HIERARCHY_ID
137759055	000D6F0000D56724	NULL	000D6F0000D56724	1159
ID	ZIGBEE_MAC_ID	EXPECTED_ZIGBEE_MAC_ID	ZIGBEE_MAC_ID	HIERARCHY_ID
137759056	000D6F0000D56725	NULL	000D6F0000D56725	1159
ID	ZIGBEE_MAC_ID	EXPECTED_ZIGBEE_MAC_ID	ZIGBEE_MAC_ID	HIERARCHY_ID
137584964	000D6F0000D56728	NULL	000D6F0000D56728	1159
ID	ZIGBEE_MAC_ID	EXPECTED_ZIGBEE_MAC_ID	ZIGBEE_MAC_ID	HIERARCHY_ID
137584971	000D6F0000D5672A	NULL	000D6F0000D5672A	1159
ID	ZIGBEE_MAC_ID	EXPECTED_ZIGBEE_MAC_ID	ZIGBEE_MAC_ID	HIERARCHY_ID
137756799	000D6F0000D5672C	NULL	000D6F0000D5672C	1159
ID	ZIGBEE_MAC_ID	EXPECTED_ZIGBEE_MAC_ID	ZIGBEE_MAC_ID	HIERARCHY_ID
137758986	000D6F0000D568E2	NULL	000D6F0000D568E2	1159
ID	ZIGBEE_MAC_ID	EXPECTED_ZIGBEE_MAC_ID	ZIGBEE_MAC_ID	HIERARCHY_ID
137758987	000D6F0000D568E5	NULL	000D6F0000D568E5	1159
ID	ZIGBEE_MAC_ID	EXPECTED_ZIGBEE_MAC_ID	ZIGBEE_MAC_ID	HIERARCHY_ID
137584965	000D6F0000D5692C	NULL	000D6F0000D5692C	1157
ID	ZIGBEE_MAC_ID	EXPECTED_ZIGBEE_MAC_ID	ZIGBEE_MAC_ID	HIERARCHY_ID
137584966	000D6F0000D5692E	NULL	000D6F0000D5692E	1157
ID	ZIGBEE_MAC_ID	EXPECTED_ZIGBEE_MAC_ID	ZIGBEE_MAC_ID	HIERARCHY_ID
137584967	000D6F0000D5692F	NULL	000D6F0000D5692F	1157
ID	ZIGBEE_MAC_ID	EXPECTED_ZIGBEE_MAC_ID	ZIGBEE_MAC_ID	HIERARCHY_ID
137585036	000D6F0000D56931	NULL	000D6F0000D56931	1157
ID	ZIGBEE_MAC_ID	EXPECTED_ZIGBEE_MAC_ID	ZIGBEE_MAC_ID	HIERARCHY_ID
137585039	000D6F0000D56934	NULL	000D6F0000D56934	1157
ID	ZIGBEE_MAC_ID	EXPECTED_ZIGBEE_MAC_ID	ZIGBEE_MAC_ID	HIERARCHY_ID
137585038	000D6F0000D56936	NULL	000D6F0000D56936	1157
ID	ZIGBEE_MAC_ID	EXPECTED_ZIGBEE_MAC_ID	ZIGBEE_MAC_ID	HIERARCHY_ID
137585037	000D6F0000D56937	NULL	000D6F0000D56937	1157
ID	ZIGBEE_MAC_ID	EXPECTED_ZIGBEE_MAC_ID	ZIGBEE_MAC_ID	HIERARCHY_ID
137585035	000D6F0000D56938	NULL	000D6F0000D56938	1157
ID	ZIGBEE_MAC_ID	EXPECTED_ZIGBEE_MAC_ID	ZIGBEE_MAC_ID	HIERARCHY_ID
137585034	000D6F0000D56939	NULL	000D6F0000D56939	1157
ID	ZIGBEE_MAC_ID	EXPECTED_ZIGBEE_MAC_ID	ZIGBEE_MAC_ID	HIERARCHY_ID
137584983	000D6F0000D578DD	NULL	000D6F0000D578DD	1157
ID	ZIGBEE_MAC_ID	EXPECTED_ZIGBEE_MAC_ID	ZIGBEE_MAC_ID	HIERARCHY_ID
137584984	000D6F0000D578DE	NULL	000D6F0000D578DE	1157
ID	ZIGBEE_MAC_ID	EXPECTED_ZIGBEE_MAC_ID	ZIGBEE_MAC_ID	HIERARCHY_ID
137584985	000D6F0000D578DF	NULL	000D6F0000D578DF	1157
ID	ZIGBEE_MAC_ID	EXPECTED_ZIGBEE_MAC_ID	ZIGBEE_MAC_ID	HIERARCHY_ID
137584858	000D6F0000D578E0	NULL	000D6F0000D578E0	1157
ID	ZIGBEE_MAC_ID	EXPECTED_ZIGBEE_MAC_ID	ZIGBEE_MAC_ID	HIERARCHY_ID
137584857	000D6F0000D578E2	NULL	000D6F0000D578E2	1157
ID	ZIGBEE_MAC_ID	EXPECTED_ZIGBEE_MAC_ID	ZIGBEE_MAC_ID	HIERARCHY_ID
137584856	000D6F0000D578E3	NULL	000D6F0000D578E3	1157
ID	ZIGBEE_MAC_ID	EXPECTED_ZIGBEE_MAC_ID	ZIGBEE_MAC_ID	HIERARCHY_ID
137584862	000D6F0000D578E4	NULL	000D6F0000D578E4	1157
ID	ZIGBEE_MAC_ID	EXPECTED_ZIGBEE_MAC_ID	ZIGBEE_MAC_ID	HIERARCHY_ID
137584861	000D6F0000D578E5	NULL	000D6F0000D578E5	1157
ID	ZIGBEE_MAC_ID	EXPECTED_ZIGBEE_MAC_ID	ZIGBEE_MAC_ID	HIERARCHY_ID
137584860	000D6F0000D578E6	NULL	000D6F0000D578E6	1157
ID	ZIGBEE_MAC_ID	EXPECTED_ZIGBEE_MAC_ID	ZIGBEE_MAC_ID	HIERARCHY_ID
137584859	000D6F0000D578E7	NULL	000D6F0000D578E7	1157
ID	ZIGBEE_MAC_ID	EXPECTED_ZIGBEE_MAC_ID	ZIGBEE_MAC_ID	HIERARCHY_ID
137584866	000D6F0000D578EA	NULL	000D6F0000D578EA	1157
ID	ZIGBEE_MAC_ID	EXPECTED_ZIGBEE_MAC_ID	ZIGBEE_MAC_ID	HIERARCHY_ID
137584865	000D6F0000D578EC	NULL	000D6F0000D578EC	1157
ID	ZIGBEE_MAC_ID	EXPECTED_ZIGBEE_MAC_ID	ZIGBEE_MAC_ID	HIERARCHY_ID
137584868	000D6F0000D578ED	NULL	000D6F0000D578ED	1157
ID	ZIGBEE_MAC_ID	EXPECTED_ZIGBEE_MAC_ID	ZIGBEE_MAC_ID	HIERARCHY_ID
137584867	000D6F0000D578EE	NULL	000D6F0000D578EE	1157
ID	ZIGBEE_MAC_ID	EXPECTED_ZIGBEE_MAC_ID	ZIGBEE_MAC_ID	HIERARCHY_ID
137584909	000D6F0000D578F0	NULL	000D6F0000D578F0	1157
ID	ZIGBEE_MAC_ID	EXPECTED_ZIGBEE_MAC_ID	ZIGBEE_MAC_ID	HIERARCHY_ID
137584910	000D6F0000D578F1	NULL	000D6F0000D578F1	1157
ID	ZIGBEE_MAC_ID	EXPECTED_ZIGBEE_MAC_ID	ZIGBEE_MAC_ID	HIERARCHY_ID
137584908	000D6F0000D578F4	NULL	000D6F0000D578F4	1157
ID	ZIGBEE_MAC_ID	EXPECTED_ZIGBEE_MAC_ID	ZIGBEE_MAC_ID	HIERARCHY_ID
137584906	000D6F0000D578F6	NULL	000D6F0000D578F6	1157
ID	ZIGBEE_MAC_ID	EXPECTED_ZIGBEE_MAC_ID	ZIGBEE_MAC_ID	HIERARCHY_ID
137584907	000D6F0000D578F7	NULL	000D6F0000D578F7	1157
ID	ZIGBEE_MAC_ID	EXPECTED_ZIGBEE_MAC_ID	ZIGBEE_MAC_ID	HIERARCHY_ID
137584911	000D6F0000D578F9	NULL	000D6F0000D578F9	1157
ID	ZIGBEE_MAC_ID	EXPECTED_ZIGBEE_MAC_ID	ZIGBEE_MAC_ID	HIERARCHY_ID
137584900	000D6F0000D578FA	NULL	000D6F0000D578FA	1157
ID	ZIGBEE_MAC_ID	EXPECTED_ZIGBEE_MAC_ID	ZIGBEE_MAC_ID	HIERARCHY_ID
137585015	000D6F0000D57CFA	NULL	000D6F0000D57CFA	1157
ID	ZIGBEE_MAC_ID	EXPECTED_ZIGBEE_MAC_ID	ZIGBEE_MAC_ID	HIERARCHY_ID
137585016	000D6F0000D57CFD	NULL	000D6F0000D57CFD	1157
ID	ZIGBEE_MAC_ID	EXPECTED_ZIGBEE_MAC_ID	ZIGBEE_MAC_ID	HIERARCHY_ID
137584886	000D6F0000D57D00	NULL	000D6F0000D57D00	1157
ID	ZIGBEE_MAC_ID	EXPECTED_ZIGBEE_MAC_ID	ZIGBEE_MAC_ID	HIERARCHY_ID
137584928	000D6F0000D57D01	NULL	000D6F0000D57D01	1157
ID	ZIGBEE_MAC_ID	EXPECTED_ZIGBEE_MAC_ID	ZIGBEE_MAC_ID	HIERARCHY_ID
137584930	000D6F0000D57D04	NULL	000D6F0000D57D04	1157
ID	ZIGBEE_MAC_ID	EXPECTED_ZIGBEE_MAC_ID	ZIGBEE_MAC_ID	HIERARCHY_ID
137584931	000D6F0000D57D05	NULL	000D6F0000D57D05	1157
ID	ZIGBEE_MAC_ID	EXPECTED_ZIGBEE_MAC_ID	ZIGBEE_MAC_ID	HIERARCHY_ID
137584932	000D6F0000D57D06	NULL	000D6F0000D57D06	1157
ID	ZIGBEE_MAC_ID	EXPECTED_ZIGBEE_MAC_ID	ZIGBEE_MAC_ID	HIERARCHY_ID
137584986	000D6F0000D57D08	NULL	000D6F0000D57D08	1157
ID	ZIGBEE_MAC_ID	EXPECTED_ZIGBEE_MAC_ID	ZIGBEE_MAC_ID	HIERARCHY_ID
137584993	000D6F0000D57DF9	NULL	000D6F0000D57DF9	1157
ID	ZIGBEE_MAC_ID	EXPECTED_ZIGBEE_MAC_ID	ZIGBEE_MAC_ID	HIERARCHY_ID
137584934	000D6F0000D57DFA	NULL	000D6F0000D57DFA	1157
ID	ZIGBEE_MAC_ID	EXPECTED_ZIGBEE_MAC_ID	ZIGBEE_MAC_ID	HIERARCHY_ID
137585002	000D6F0000D57DFB	NULL	000D6F0000D57DFB	1157
ID	ZIGBEE_MAC_ID	EXPECTED_ZIGBEE_MAC_ID	ZIGBEE_MAC_ID	HIERARCHY_ID
137584936	000D6F0000D57DFD	NULL	000D6F0000D57DFD	1157
ID	ZIGBEE_MAC_ID	EXPECTED_ZIGBEE_MAC_ID	ZIGBEE_MAC_ID	HIERARCHY_ID
137584877	000D6F0000D57E01	NULL	000D6F0000D57E01	1157
ID	ZIGBEE_MAC_ID	EXPECTED_ZIGBEE_MAC_ID	ZIGBEE_MAC_ID	HIERARCHY_ID
137758992	000D6F0000D57E08	NULL	000D6F0000D57E08	1159
ID	ZIGBEE_MAC_ID	EXPECTED_ZIGBEE_MAC_ID	ZIGBEE_MAC_ID	HIERARCHY_ID
137758991	000D6F0000D57E09	NULL	000D6F0000D57E09	1159
ID	ZIGBEE_MAC_ID	EXPECTED_ZIGBEE_MAC_ID	ZIGBEE_MAC_ID	HIERARCHY_ID
137758993	000D6F0000D57E0C	NULL	000D6F0000D57E0C	1159
ID	ZIGBEE_MAC_ID	EXPECTED_ZIGBEE_MAC_ID	ZIGBEE_MAC_ID	HIERARCHY_ID
137758994	000D6F0000D57E0D	NULL	000D6F0000D57E0D	1159
ID	ZIGBEE_MAC_ID	EXPECTED_ZIGBEE_MAC_ID	ZIGBEE_MAC_ID	HIERARCHY_ID
137759053	000D6F0000D57E25	NULL	000D6F0000D57E25	1159
ID	ZIGBEE_MAC_ID	EXPECTED_ZIGBEE_MAC_ID	ZIGBEE_MAC_ID	HIERARCHY_ID
137759054	000D6F0000D57E2C	NULL	000D6F0000D57E2C	1159
ID	ZIGBEE_MAC_ID	EXPECTED_ZIGBEE_MAC_ID	ZIGBEE_MAC_ID	HIERARCHY_ID
137584958	000D6F0000D57E2E	NULL	000D6F0000D57E2E	1159
ID	ZIGBEE_MAC_ID	EXPECTED_ZIGBEE_MAC_ID	ZIGBEE_MAC_ID	HIERARCHY_ID
137584899	000D6F0000D57E37	NULL	000D6F0000D57E37	1159
ID	ZIGBEE_MAC_ID	EXPECTED_ZIGBEE_MAC_ID	ZIGBEE_MAC_ID	HIERARCHY_ID
137584913	000D6F0000D57EEC	NULL	000D6F0000D57EEC	1157
ID	ZIGBEE_MAC_ID	EXPECTED_ZIGBEE_MAC_ID	ZIGBEE_MAC_ID	HIERARCHY_ID
137584848	000D6F0000D58040	NULL	000D6F0000D58040	1157
ID	ZIGBEE_MAC_ID	EXPECTED_ZIGBEE_MAC_ID	ZIGBEE_MAC_ID	HIERARCHY_ID
137759041	000D6F0000D58061	NULL	000D6F0000D58061	1159
ID	ZIGBEE_MAC_ID	EXPECTED_ZIGBEE_MAC_ID	ZIGBEE_MAC_ID	HIERARCHY_ID
137759040	000D6F0000D58063	NULL	000D6F0000D58063	1159
ID	ZIGBEE_MAC_ID	EXPECTED_ZIGBEE_MAC_ID	ZIGBEE_MAC_ID	HIERARCHY_ID
137759039	000D6F0000D58066	NULL	000D6F0000D58066	1159
ID	ZIGBEE_MAC_ID	EXPECTED_ZIGBEE_MAC_ID	ZIGBEE_MAC_ID	HIERARCHY_ID
137584922	000D6F0000D5806C	NULL	000D6F0000D5806C	1157
ID	ZIGBEE_MAC_ID	EXPECTED_ZIGBEE_MAC_ID	ZIGBEE_MAC_ID	HIERARCHY_ID
137584921	000D6F0000D5806D	NULL	000D6F0000D5806D	1157
ID	ZIGBEE_MAC_ID	EXPECTED_ZIGBEE_MAC_ID	ZIGBEE_MAC_ID	HIERARCHY_ID
137584920	000D6F0000D5806E	NULL	000D6F0000D5806E	1157
ID	ZIGBEE_MAC_ID	EXPECTED_ZIGBEE_MAC_ID	ZIGBEE_MAC_ID	HIERARCHY_ID
137584884	000D6F0000D58070	NULL	000D6F0000D58070	1157
ID	ZIGBEE_MAC_ID	EXPECTED_ZIGBEE_MAC_ID	ZIGBEE_MAC_ID	HIERARCHY_ID
137584885	000D6F0000D58071	NULL	000D6F0000D58071	1157
ID	ZIGBEE_MAC_ID	EXPECTED_ZIGBEE_MAC_ID	ZIGBEE_MAC_ID	HIERARCHY_ID
137584881	000D6F0000D58074	NULL	000D6F0000D58074	1157
ID	ZIGBEE_MAC_ID	EXPECTED_ZIGBEE_MAC_ID	ZIGBEE_MAC_ID	HIERARCHY_ID
137584882	000D6F0000D58075	NULL	000D6F0000D58075	1157
ID	ZIGBEE_MAC_ID	EXPECTED_ZIGBEE_MAC_ID	ZIGBEE_MAC_ID	HIERARCHY_ID
137584880	000D6F0000D58078	NULL	000D6F0000D58078	1157
ID	ZIGBEE_MAC_ID	EXPECTED_ZIGBEE_MAC_ID	ZIGBEE_MAC_ID	HIERARCHY_ID
137758995	000D6F0000D58623	NULL	000D6F0000D58623	1159
ID	ZIGBEE_MAC_ID	EXPECTED_ZIGBEE_MAC_ID	ZIGBEE_MAC_ID	HIERARCHY_ID
137584887	000D6F0000D58671	NULL	000D6F0000D58671	1159
ID	ZIGBEE_MAC_ID	EXPECTED_ZIGBEE_MAC_ID	ZIGBEE_MAC_ID	HIERARCHY_ID
137759005	000D6F0000D5867B	NULL	000D6F0000D5867B	1159
ID	ZIGBEE_MAC_ID	EXPECTED_ZIGBEE_MAC_ID	ZIGBEE_MAC_ID	HIERARCHY_ID
137759006	000D6F0000D5867C	NULL	000D6F0000D5867C	1159
ID	ZIGBEE_MAC_ID	EXPECTED_ZIGBEE_MAC_ID	ZIGBEE_MAC_ID	HIERARCHY_ID
137758978	000D6F0000D58681	NULL	000D6F0000D58681	1159
ID	ZIGBEE_MAC_ID	EXPECTED_ZIGBEE_MAC_ID	ZIGBEE_MAC_ID	HIERARCHY_ID
137758977	000D6F0000D58685	NULL	000D6F0000D58685	1159
ID	ZIGBEE_MAC_ID	EXPECTED_ZIGBEE_MAC_ID	ZIGBEE_MAC_ID	HIERARCHY_ID
137758976	000D6F0000D58687	NULL	000D6F0000D58687	1159
ID	ZIGBEE_MAC_ID	EXPECTED_ZIGBEE_MAC_ID	ZIGBEE_MAC_ID	HIERARCHY_ID
137758971	000D6F0000D5868A	NULL	000D6F0000D5868A	1159
ID	ZIGBEE_MAC_ID	EXPECTED_ZIGBEE_MAC_ID	ZIGBEE_MAC_ID	HIERARCHY_ID
137759007	000D6F0000D58765	NULL	000D6F0000D58765	1159
ID	ZIGBEE_MAC_ID	EXPECTED_ZIGBEE_MAC_ID	ZIGBEE_MAC_ID	HIERARCHY_ID
137584982	000D6F0000D587E9	NULL	000D6F0000D587E9	1157
ID	ZIGBEE_MAC_ID	EXPECTED_ZIGBEE_MAC_ID	ZIGBEE_MAC_ID	HIERARCHY_ID
137584997	000D6F0000D587EA	NULL	000D6F0000D587EA	1157
ID	ZIGBEE_MAC_ID	EXPECTED_ZIGBEE_MAC_ID	ZIGBEE_MAC_ID	HIERARCHY_ID
137585000	000D6F0000D587EB	NULL	000D6F0000D587EB	1157
ID	ZIGBEE_MAC_ID	EXPECTED_ZIGBEE_MAC_ID	ZIGBEE_MAC_ID	HIERARCHY_ID
137584996	000D6F0000D587ED	NULL	000D6F0000D587ED	1157
ID	ZIGBEE_MAC_ID	EXPECTED_ZIGBEE_MAC_ID	ZIGBEE_MAC_ID	HIERARCHY_ID
137584995	000D6F0000D587EE	NULL	000D6F0000D587EE	1157
ID	ZIGBEE_MAC_ID	EXPECTED_ZIGBEE_MAC_ID	ZIGBEE_MAC_ID	HIERARCHY_ID
137585031	000D6F0000D587F0	NULL	000D6F0000D587F0	1157
ID	ZIGBEE_MAC_ID	EXPECTED_ZIGBEE_MAC_ID	ZIGBEE_MAC_ID	HIERARCHY_ID
137585032	000D6F0000D587F1	NULL	000D6F0000D587F1	1157
ID	ZIGBEE_MAC_ID	EXPECTED_ZIGBEE_MAC_ID	ZIGBEE_MAC_ID	HIERARCHY_ID
137585033	000D6F0000D587F3	NULL	000D6F0000D587F3	1157
ID	ZIGBEE_MAC_ID	EXPECTED_ZIGBEE_MAC_ID	ZIGBEE_MAC_ID	HIERARCHY_ID
137585028	000D6F0000D587F4	NULL	000D6F0000D587F4	1157
ID	ZIGBEE_MAC_ID	EXPECTED_ZIGBEE_MAC_ID	ZIGBEE_MAC_ID	HIERARCHY_ID
137585029	000D6F0000D587F5	NULL	000D6F0000D587F5	1157
ID	ZIGBEE_MAC_ID	EXPECTED_ZIGBEE_MAC_ID	ZIGBEE_MAC_ID	HIERARCHY_ID
137585030	000D6F0000D587F7	NULL	000D6F0000D587F7	1157
ID	ZIGBEE_MAC_ID	EXPECTED_ZIGBEE_MAC_ID	ZIGBEE_MAC_ID	HIERARCHY_ID
137584943	000D6F0000D59871	NULL	000D6F0000D59871	1157
ID	ZIGBEE_MAC_ID	EXPECTED_ZIGBEE_MAC_ID	ZIGBEE_MAC_ID	HIERARCHY_ID
137584874	000D6F0000D5999D	NULL	000D6F0000D5999D	1157
ID	ZIGBEE_MAC_ID	EXPECTED_ZIGBEE_MAC_ID	ZIGBEE_MAC_ID	HIERARCHY_ID
137585040	000D6F0000D599A8	NULL	000D6F0000D599A8	1159
ID	ZIGBEE_MAC_ID	EXPECTED_ZIGBEE_MAC_ID	ZIGBEE_MAC_ID	HIERARCHY_ID
137585054	000D6F0000D599AA	NULL	000D6F0000D599AA	1159
ID	ZIGBEE_MAC_ID	EXPECTED_ZIGBEE_MAC_ID	ZIGBEE_MAC_ID	HIERARCHY_ID
137585011	000D6F0000D599B0	NULL	000D6F0000D599B0	1157
ID	ZIGBEE_MAC_ID	EXPECTED_ZIGBEE_MAC_ID	ZIGBEE_MAC_ID	HIERARCHY_ID
137585012	000D6F0000D599B3	NULL	000D6F0000D599B3	1157
ID	ZIGBEE_MAC_ID	EXPECTED_ZIGBEE_MAC_ID	ZIGBEE_MAC_ID	HIERARCHY_ID
137585009	000D6F0000D599B5	NULL	000D6F0000D599B5	1157
ID	ZIGBEE_MAC_ID	EXPECTED_ZIGBEE_MAC_ID	ZIGBEE_MAC_ID	HIERARCHY_ID
137585013	000D6F0000D599BE	NULL	000D6F0000D599BE	1157
ID	ZIGBEE_MAC_ID	EXPECTED_ZIGBEE_MAC_ID	ZIGBEE_MAC_ID	HIERARCHY_ID
137585014	000D6F0000D599BF	NULL	000D6F0000D599BF	1157
ID	ZIGBEE_MAC_ID	EXPECTED_ZIGBEE_MAC_ID	ZIGBEE_MAC_ID	HIERARCHY_ID
137584942	000D6F0000D599C2	NULL	000D6F0000D599C2	1157
ID	ZIGBEE_MAC_ID	EXPECTED_ZIGBEE_MAC_ID	ZIGBEE_MAC_ID	HIERARCHY_ID
137584952	000D6F0000D599CB	NULL	000D6F0000D599CB	1157
ID	ZIGBEE_MAC_ID	EXPECTED_ZIGBEE_MAC_ID	ZIGBEE_MAC_ID	HIERARCHY_ID
137584917	000D6F0000D599D7	NULL	000D6F0000D599D7	1157
ID	ZIGBEE_MAC_ID	EXPECTED_ZIGBEE_MAC_ID	ZIGBEE_MAC_ID	HIERARCHY_ID
137584918	000D6F0000D599DA	NULL	000D6F0000D599DA	1157
ID	ZIGBEE_MAC_ID	EXPECTED_ZIGBEE_MAC_ID	ZIGBEE_MAC_ID	HIERARCHY_ID
137584919	000D6F0000D599DE	NULL	000D6F0000D599DE	1157
ID	ZIGBEE_MAC_ID	EXPECTED_ZIGBEE_MAC_ID	ZIGBEE_MAC_ID	HIERARCHY_ID
137759017	000D6F0000D59AB1	NULL	000D6F0000D59AB1	1159
ID	ZIGBEE_MAC_ID	EXPECTED_ZIGBEE_MAC_ID	ZIGBEE_MAC_ID	HIERARCHY_ID
137759018	000D6F0000D59AB2	NULL	000D6F0000D59AB2	1159
ID	ZIGBEE_MAC_ID	EXPECTED_ZIGBEE_MAC_ID	ZIGBEE_MAC_ID	HIERARCHY_ID
137759016	000D6F0000D59AB6	NULL	000D6F0000D59AB6	1159
ID	ZIGBEE_MAC_ID	EXPECTED_ZIGBEE_MAC_ID	ZIGBEE_MAC_ID	HIERARCHY_ID
137758983	000D6F0000D59AB7	NULL	000D6F0000D59AB7	1159
ID	ZIGBEE_MAC_ID	EXPECTED_ZIGBEE_MAC_ID	ZIGBEE_MAC_ID	HIERARCHY_ID
137759011	000D6F0000D59ABB	NULL	000D6F0000D59ABB	1159
ID	ZIGBEE_MAC_ID	EXPECTED_ZIGBEE_MAC_ID	ZIGBEE_MAC_ID	HIERARCHY_ID
137759009	000D6F0000D59ABD	NULL	000D6F0000D59ABD	1159
ID	ZIGBEE_MAC_ID	EXPECTED_ZIGBEE_MAC_ID	ZIGBEE_MAC_ID	HIERARCHY_ID
137584901	000D6F0000D59ABE	NULL	000D6F0000D59ABE	1159
ID	ZIGBEE_MAC_ID	EXPECTED_ZIGBEE_MAC_ID	ZIGBEE_MAC_ID	HIERARCHY_ID
137759010	000D6F0000D59ABF	NULL	000D6F0000D59ABF	1159
ID	ZIGBEE_MAC_ID	EXPECTED_ZIGBEE_MAC_ID	ZIGBEE_MAC_ID	HIERARCHY_ID
137758982	000D6F0000D59AC1	NULL	000D6F0000D59AC1	1159
ID	ZIGBEE_MAC_ID	EXPECTED_ZIGBEE_MAC_ID	ZIGBEE_MAC_ID	HIERARCHY_ID
137584851	000D6F0000D59AC2	NULL	000D6F0000D59AC2	1159
ID	ZIGBEE_MAC_ID	EXPECTED_ZIGBEE_MAC_ID	ZIGBEE_MAC_ID	HIERARCHY_ID
137759029	000D6F0000D59AC3	NULL	000D6F0000D59AC3	1159
ID	ZIGBEE_MAC_ID	EXPECTED_ZIGBEE_MAC_ID	ZIGBEE_MAC_ID	HIERARCHY_ID
137758984	000D6F0000D59AC4	NULL	000D6F0000D59AC4	1159
ID	ZIGBEE_MAC_ID	EXPECTED_ZIGBEE_MAC_ID	ZIGBEE_MAC_ID	HIERARCHY_ID
137759031	000D6F0000D59AC5	NULL	000D6F0000D59AC5	1159
ID	ZIGBEE_MAC_ID	EXPECTED_ZIGBEE_MAC_ID	ZIGBEE_MAC_ID	HIERARCHY_ID
137584853	000D6F0000D59AC6	NULL	000D6F0000D59AC6	1159
ID	ZIGBEE_MAC_ID	EXPECTED_ZIGBEE_MAC_ID	ZIGBEE_MAC_ID	HIERARCHY_ID
137758981	000D6F0000D59AC9	NULL	000D6F0000D59AC9	1159
ID	ZIGBEE_MAC_ID	EXPECTED_ZIGBEE_MAC_ID	ZIGBEE_MAC_ID	HIERARCHY_ID
137758988	000D6F0000D59ACC	NULL	000D6F0000D59ACC	1159
ID	ZIGBEE_MAC_ID	EXPECTED_ZIGBEE_MAC_ID	ZIGBEE_MAC_ID	HIERARCHY_ID
137585027	000D6F0000D59AD1	NULL	000D6F0000D59AD1	1157
ID	ZIGBEE_MAC_ID	EXPECTED_ZIGBEE_MAC_ID	ZIGBEE_MAC_ID	HIERARCHY_ID
137585023	000D6F0000D59ADA	NULL	000D6F0000D59ADA	1157
ID	ZIGBEE_MAC_ID	EXPECTED_ZIGBEE_MAC_ID	ZIGBEE_MAC_ID	HIERARCHY_ID
137584962	000D6F0000D59AE7	NULL	000D6F0000D59AE7	1157
ID	ZIGBEE_MAC_ID	EXPECTED_ZIGBEE_MAC_ID	ZIGBEE_MAC_ID	HIERARCHY_ID
137584963	000D6F0000D59AE8	NULL	000D6F0000D59AE8	1157
ID	ZIGBEE_MAC_ID	EXPECTED_ZIGBEE_MAC_ID	ZIGBEE_MAC_ID	HIERARCHY_ID
137759062	000D6F0000D59AEB	NULL	000D6F0000D59AEB	1159
ID	ZIGBEE_MAC_ID	EXPECTED_ZIGBEE_MAC_ID	ZIGBEE_MAC_ID	HIERARCHY_ID
137584969	000D6F0000D59AEC	NULL	000D6F0000D59AEC	1157
ID	ZIGBEE_MAC_ID	EXPECTED_ZIGBEE_MAC_ID	ZIGBEE_MAC_ID	HIERARCHY_ID
137584970	000D6F0000D59AED	NULL	000D6F0000D59AED	1157
ID	ZIGBEE_MAC_ID	EXPECTED_ZIGBEE_MAC_ID	ZIGBEE_MAC_ID	HIERARCHY_ID
137584946	000D6F0000D59AF1	NULL	000D6F0000D59AF1	1157
ID	ZIGBEE_MAC_ID	EXPECTED_ZIGBEE_MAC_ID	ZIGBEE_MAC_ID	HIERARCHY_ID
137584947	000D6F0000D59AF6	NULL	000D6F0000D59AF6	1157
ID	ZIGBEE_MAC_ID	EXPECTED_ZIGBEE_MAC_ID	ZIGBEE_MAC_ID	HIERARCHY_ID
137759044	000D6F0000D59AF7	NULL	000D6F0000D59AF7	1159
ID	ZIGBEE_MAC_ID	EXPECTED_ZIGBEE_MAC_ID	ZIGBEE_MAC_ID	HIERARCHY_ID
137759045	000D6F0000D59AFB	NULL	000D6F0000D59AFB	1159
ID	ZIGBEE_MAC_ID	EXPECTED_ZIGBEE_MAC_ID	ZIGBEE_MAC_ID	HIERARCHY_ID
137759046	000D6F0000D59AFE	NULL	000D6F0000D59AFE	1159
ID	ZIGBEE_MAC_ID	EXPECTED_ZIGBEE_MAC_ID	ZIGBEE_MAC_ID	HIERARCHY_ID
137759047	000D6F0000D59AFF	NULL	000D6F0000D59AFF	1159
ID	ZIGBEE_MAC_ID	EXPECTED_ZIGBEE_MAC_ID	ZIGBEE_MAC_ID	HIERARCHY_ID
137759024	000D6F0000D59B05	NULL	000D6F0000D59B05	1159
ID	ZIGBEE_MAC_ID	EXPECTED_ZIGBEE_MAC_ID	ZIGBEE_MAC_ID	HIERARCHY_ID
137759025	000D6F0000D59B06	NULL	000D6F0000D59B06	1159
ID	ZIGBEE_MAC_ID	EXPECTED_ZIGBEE_MAC_ID	ZIGBEE_MAC_ID	HIERARCHY_ID
137759032	000D6F0000D59B0E	NULL	000D6F0000D59B0E	1159
ID	ZIGBEE_MAC_ID	EXPECTED_ZIGBEE_MAC_ID	ZIGBEE_MAC_ID	HIERARCHY_ID
137584889	000D6F0000D59B32	NULL	000D6F0000D59B32	1159
ID	ZIGBEE_MAC_ID	EXPECTED_ZIGBEE_MAC_ID	ZIGBEE_MAC_ID	HIERARCHY_ID
137759002	000D6F0000D59B33	NULL	000D6F0000D59B33	1159
ID	ZIGBEE_MAC_ID	EXPECTED_ZIGBEE_MAC_ID	ZIGBEE_MAC_ID	HIERARCHY_ID
137759000	000D6F0000D59B34	NULL	000D6F0000D59B34	1159
ID	ZIGBEE_MAC_ID	EXPECTED_ZIGBEE_MAC_ID	ZIGBEE_MAC_ID	HIERARCHY_ID
137758999	000D6F0000D59B35	NULL	000D6F0000D59B35	1159
ID	ZIGBEE_MAC_ID	EXPECTED_ZIGBEE_MAC_ID	ZIGBEE_MAC_ID	HIERARCHY_ID
137759001	000D6F0000D59B37	NULL	000D6F0000D59B37	1159
ID	ZIGBEE_MAC_ID	EXPECTED_ZIGBEE_MAC_ID	ZIGBEE_MAC_ID	HIERARCHY_ID
137758998	000D6F0000D59B38	NULL	000D6F0000D59B38	1159
ID	ZIGBEE_MAC_ID	EXPECTED_ZIGBEE_MAC_ID	ZIGBEE_MAC_ID	HIERARCHY_ID
137584888	000D6F0000D59B3C	NULL	000D6F0000D59B3C	1159
ID	ZIGBEE_MAC_ID	EXPECTED_ZIGBEE_MAC_ID	ZIGBEE_MAC_ID	HIERARCHY_ID
137585026	000D6F0000D59C57	NULL	000D6F0000D59C57	1157
ID	ZIGBEE_MAC_ID	EXPECTED_ZIGBEE_MAC_ID	ZIGBEE_MAC_ID	HIERARCHY_ID
137585025	000D6F0000D59C5A	NULL	000D6F0000D59C5A	1157
ID	ZIGBEE_MAC_ID	EXPECTED_ZIGBEE_MAC_ID	ZIGBEE_MAC_ID	HIERARCHY_ID
137585024	000D6F0000D59C5B	NULL	000D6F0000D59C5B	1157
ID	ZIGBEE_MAC_ID	EXPECTED_ZIGBEE_MAC_ID	ZIGBEE_MAC_ID	HIERARCHY_ID
137584972	000D6F0000D59C6E	NULL	000D6F0000D59C6E	1157
ID	ZIGBEE_MAC_ID	EXPECTED_ZIGBEE_MAC_ID	ZIGBEE_MAC_ID	HIERARCHY_ID
137584905	000D6F0000D59C70	NULL	000D6F0000D59C70	1157
ID	ZIGBEE_MAC_ID	EXPECTED_ZIGBEE_MAC_ID	ZIGBEE_MAC_ID	HIERARCHY_ID
137584902	000D6F0000D59C7C	NULL	000D6F0000D59C7C	1157
ID	ZIGBEE_MAC_ID	EXPECTED_ZIGBEE_MAC_ID	ZIGBEE_MAC_ID	HIERARCHY_ID
137584903	000D6F0000D59C7F	NULL	000D6F0000D59C7F	1157
ID	ZIGBEE_MAC_ID	EXPECTED_ZIGBEE_MAC_ID	ZIGBEE_MAC_ID	HIERARCHY_ID
137584935	000D6F0000D59D07	NULL	000D6F0000D59D07	1157
ID	ZIGBEE_MAC_ID	EXPECTED_ZIGBEE_MAC_ID	ZIGBEE_MAC_ID	HIERARCHY_ID
137584924	000D6F0000D59D0B	NULL	000D6F0000D59D0B	1157
ID	ZIGBEE_MAC_ID	EXPECTED_ZIGBEE_MAC_ID	ZIGBEE_MAC_ID	HIERARCHY_ID
137584998	000D6F0000D59D10	NULL	000D6F0000D59D10	1157
ID	ZIGBEE_MAC_ID	EXPECTED_ZIGBEE_MAC_ID	ZIGBEE_MAC_ID	HIERARCHY_ID
137584999	000D6F0000D59D13	NULL	000D6F0000D59D13	1157
ID	ZIGBEE_MAC_ID	EXPECTED_ZIGBEE_MAC_ID	ZIGBEE_MAC_ID	HIERARCHY_ID
137584925	000D6F0000D59ED5	NULL	000D6F0000D59ED5	1157
ID	ZIGBEE_MAC_ID	EXPECTED_ZIGBEE_MAC_ID	ZIGBEE_MAC_ID	HIERARCHY_ID
137584855	000D6F0000D59F0F	NULL	000D6F0000D59F0F	1157
ID	ZIGBEE_MAC_ID	EXPECTED_ZIGBEE_MAC_ID	ZIGBEE_MAC_ID	HIERARCHY_ID
137584895	000D6F0000D5A00C	NULL	000D6F0000D5A00C	1157
ID	ZIGBEE_MAC_ID	EXPECTED_ZIGBEE_MAC_ID	ZIGBEE_MAC_ID	HIERARCHY_ID
137759075	000D6F0000D5A0E2	NULL	000D6F0000D5A0E2	1159
ID	ZIGBEE_MAC_ID	EXPECTED_ZIGBEE_MAC_ID	ZIGBEE_MAC_ID	HIERARCHY_ID
137584994	000D6F0000D5A0E3	NULL	000D6F0000D5A0E3	1157
ID	ZIGBEE_MAC_ID	EXPECTED_ZIGBEE_MAC_ID	ZIGBEE_MAC_ID	HIERARCHY_ID
137584945	000D6F0000D5A0EA	NULL	000D6F0000D5A0EA	1157
ID	ZIGBEE_MAC_ID	EXPECTED_ZIGBEE_MAC_ID	ZIGBEE_MAC_ID	HIERARCHY_ID
137759068	000D6F0000D5A0EC	NULL	000D6F0000D5A0EC	1159
ID	ZIGBEE_MAC_ID	EXPECTED_ZIGBEE_MAC_ID	ZIGBEE_MAC_ID	HIERARCHY_ID
137759067	000D6F0000D5A0ED	NULL	000D6F0000D5A0ED	1159
ID	ZIGBEE_MAC_ID	EXPECTED_ZIGBEE_MAC_ID	ZIGBEE_MAC_ID	HIERARCHY_ID
137759066	000D6F0000D5A0EE	NULL	000D6F0000D5A0EE	1159
ID	ZIGBEE_MAC_ID	EXPECTED_ZIGBEE_MAC_ID	ZIGBEE_MAC_ID	HIERARCHY_ID
137585047	000D6F0000D5A0F0	NULL	000D6F0000D5A0F0	1157
ID	ZIGBEE_MAC_ID	EXPECTED_ZIGBEE_MAC_ID	ZIGBEE_MAC_ID	HIERARCHY_ID
137585048	000D6F0000D5A0F1	NULL	000D6F0000D5A0F1	1157
ID	ZIGBEE_MAC_ID	EXPECTED_ZIGBEE_MAC_ID	ZIGBEE_MAC_ID	HIERARCHY_ID
137585044	000D6F0000D5A0F4	NULL	000D6F0000D5A0F4	1157
ID	ZIGBEE_MAC_ID	EXPECTED_ZIGBEE_MAC_ID	ZIGBEE_MAC_ID	HIERARCHY_ID
137585045	000D6F0000D5A0F5	NULL	000D6F0000D5A0F5	1157
ID	ZIGBEE_MAC_ID	EXPECTED_ZIGBEE_MAC_ID	ZIGBEE_MAC_ID	HIERARCHY_ID
137584843	000D6F0000D5A0F6	NULL	000D6F0000D5A0F6	1157
ID	ZIGBEE_MAC_ID	EXPECTED_ZIGBEE_MAC_ID	ZIGBEE_MAC_ID	HIERARCHY_ID
137585042	000D6F0000D5A0F8	NULL	000D6F0000D5A0F8	1157
ID	ZIGBEE_MAC_ID	EXPECTED_ZIGBEE_MAC_ID	ZIGBEE_MAC_ID	HIERARCHY_ID
137585043	000D6F0000D5A0F9	NULL	000D6F0000D5A0F9	1157
ID	ZIGBEE_MAC_ID	EXPECTED_ZIGBEE_MAC_ID	ZIGBEE_MAC_ID	HIERARCHY_ID
137585050	000D6F0000D5A0FA	NULL	000D6F0000D5A0FA	1157
ID	ZIGBEE_MAC_ID	EXPECTED_ZIGBEE_MAC_ID	ZIGBEE_MAC_ID	HIERARCHY_ID
137585051	000D6F0000D5A0FB	NULL	000D6F0000D5A0FB	1157
ID	ZIGBEE_MAC_ID	EXPECTED_ZIGBEE_MAC_ID	ZIGBEE_MAC_ID	HIERARCHY_ID
137585052	000D6F0000D5A0FC	NULL	000D6F0000D5A0FC	1157
ID	ZIGBEE_MAC_ID	EXPECTED_ZIGBEE_MAC_ID	ZIGBEE_MAC_ID	HIERARCHY_ID
137585049	000D6F0000D5A0FD	NULL	000D6F0000D5A0FD	1157
ID	ZIGBEE_MAC_ID	EXPECTED_ZIGBEE_MAC_ID	ZIGBEE_MAC_ID	HIERARCHY_ID
137585010	000D6F0000D5A4E0	NULL	000D6F0000D5A4E0	1157
ID	ZIGBEE_MAC_ID	EXPECTED_ZIGBEE_MAC_ID	ZIGBEE_MAC_ID	HIERARCHY_ID
137585008	000D6F0000D5A4E8	NULL	000D6F0000D5A4E8	1159
ID	ZIGBEE_MAC_ID	EXPECTED_ZIGBEE_MAC_ID	ZIGBEE_MAC_ID	HIERARCHY_ID
137585007	000D6F0000D5A4E9	NULL	000D6F0000D5A4E9	1157
ID	ZIGBEE_MAC_ID	EXPECTED_ZIGBEE_MAC_ID	ZIGBEE_MAC_ID	HIERARCHY_ID
137584892	000D6F0000D5A523	NULL	000D6F0000D5A523	1157
ID	ZIGBEE_MAC_ID	EXPECTED_ZIGBEE_MAC_ID	ZIGBEE_MAC_ID	HIERARCHY_ID
137584893	000D6F0000D5A526	NULL	000D6F0000D5A526	1157
ID	ZIGBEE_MAC_ID	EXPECTED_ZIGBEE_MAC_ID	ZIGBEE_MAC_ID	HIERARCHY_ID
137585046	000D6F0000D5A53D	NULL	000D6F0000D5A53D	1157
ID	ZIGBEE_MAC_ID	EXPECTED_ZIGBEE_MAC_ID	ZIGBEE_MAC_ID	HIERARCHY_ID
137585003	000D6F0000D5A53F	NULL	000D6F0000D5A53F	1157
ID	ZIGBEE_MAC_ID	EXPECTED_ZIGBEE_MAC_ID	ZIGBEE_MAC_ID	HIERARCHY_ID
137584956	000D6F0000D5A540	NULL	000D6F0000D5A540	1157
ID	ZIGBEE_MAC_ID	EXPECTED_ZIGBEE_MAC_ID	ZIGBEE_MAC_ID	HIERARCHY_ID
137584955	000D6F0000D5A541	NULL	000D6F0000D5A541	1157
ID	ZIGBEE_MAC_ID	EXPECTED_ZIGBEE_MAC_ID	ZIGBEE_MAC_ID	HIERARCHY_ID
137584954	000D6F0000D5A546	NULL	000D6F0000D5A546	1157
ID	ZIGBEE_MAC_ID	EXPECTED_ZIGBEE_MAC_ID	ZIGBEE_MAC_ID	HIERARCHY_ID
137584953	000D6F0000D5A549	NULL	000D6F0000D5A549	1157
ID	ZIGBEE_MAC_ID	EXPECTED_ZIGBEE_MAC_ID	ZIGBEE_MAC_ID	HIERARCHY_ID
137584959	000D6F0000D5A54F	NULL	000D6F0000D5A54F	1157
ID	ZIGBEE_MAC_ID	EXPECTED_ZIGBEE_MAC_ID	ZIGBEE_MAC_ID	HIERARCHY_ID
137584896	000D6F0000D5A559	NULL	000D6F0000D5A559	1157
ID	ZIGBEE_MAC_ID	EXPECTED_ZIGBEE_MAC_ID	ZIGBEE_MAC_ID	HIERARCHY_ID
137584894	000D6F0000D5A55D	NULL	000D6F0000D5A55D	1157
ID	ZIGBEE_MAC_ID	EXPECTED_ZIGBEE_MAC_ID	ZIGBEE_MAC_ID	HIERARCHY_ID
137584977	000D6F0000D5A9F1	NULL	000D6F0000D5A9F1	1157
ID	ZIGBEE_MAC_ID	EXPECTED_ZIGBEE_MAC_ID	ZIGBEE_MAC_ID	HIERARCHY_ID
137584978	000D6F0000D5A9F3	NULL	000D6F0000D5A9F3	1157
ID	ZIGBEE_MAC_ID	EXPECTED_ZIGBEE_MAC_ID	ZIGBEE_MAC_ID	HIERARCHY_ID
137584979	000D6F0000D5A9F7	NULL	000D6F0000D5A9F7	1157
ID	ZIGBEE_MAC_ID	EXPECTED_ZIGBEE_MAC_ID	ZIGBEE_MAC_ID	HIERARCHY_ID
137584976	000D6F0000D5A9F8	NULL	000D6F0000D5A9F8	1157
ID	ZIGBEE_MAC_ID	EXPECTED_ZIGBEE_MAC_ID	ZIGBEE_MAC_ID	HIERARCHY_ID
137584975	000D6F0000D5A9FB	NULL	000D6F0000D5A9FB	1157
ID	ZIGBEE_MAC_ID	EXPECTED_ZIGBEE_MAC_ID	ZIGBEE_MAC_ID	HIERARCHY_ID
137584974	000D6F0000D5A9FC	NULL	000D6F0000D5A9FC	1157
ID	ZIGBEE_MAC_ID	EXPECTED_ZIGBEE_MAC_ID	ZIGBEE_MAC_ID	HIERARCHY_ID
137584961	000D6F0000D5AA1E	NULL	000D6F0000D5AA1E	1157
ID	ZIGBEE_MAC_ID	EXPECTED_ZIGBEE_MAC_ID	ZIGBEE_MAC_ID	HIERARCHY_ID
137584933	000D6F0000D5AA22	NULL	000D6F0000D5AA22	1157
ID	ZIGBEE_MAC_ID	EXPECTED_ZIGBEE_MAC_ID	ZIGBEE_MAC_ID	HIERARCHY_ID
137584927	000D6F0000D5AA25	NULL	000D6F0000D5AA25	1157
ID	ZIGBEE_MAC_ID	EXPECTED_ZIGBEE_MAC_ID	ZIGBEE_MAC_ID	HIERARCHY_ID
137584929	000D6F0000D5AA26	NULL	000D6F0000D5AA26	1157
ID	ZIGBEE_MAC_ID	EXPECTED_ZIGBEE_MAC_ID	ZIGBEE_MAC_ID	HIERARCHY_ID
137584926	000D6F0000D5AA28	NULL	000D6F0000D5AA28	1157
ID	ZIGBEE_MAC_ID	EXPECTED_ZIGBEE_MAC_ID	ZIGBEE_MAC_ID	HIERARCHY_ID
137585667	000D6F0000D5AA2B	NULL	000D6F0000D5AA2B	1157
ID	ZIGBEE_MAC_ID	EXPECTED_ZIGBEE_MAC_ID	ZIGBEE_MAC_ID	HIERARCHY_ID
137759059	000D6F0000D5C979	NULL	000D6F0000D5C979	1159
ID	ZIGBEE_MAC_ID	EXPECTED_ZIGBEE_MAC_ID	ZIGBEE_MAC_ID	HIERARCHY_ID
137759023	000D6F0000D5C9BE	NULL	000D6F0000D5C9BE	1159
ID	ZIGBEE_MAC_ID	EXPECTED_ZIGBEE_MAC_ID	ZIGBEE_MAC_ID	HIERARCHY_ID
137584912	000D6F0000D5C9BF	NULL	000D6F0000D5C9BF	1157
ID	ZIGBEE_MAC_ID	EXPECTED_ZIGBEE_MAC_ID	ZIGBEE_MAC_ID	HIERARCHY_ID
137756707	000D6F0000D5C9C0	NULL	000D6F0000D5C9C0	1159
ID	ZIGBEE_MAC_ID	EXPECTED_ZIGBEE_MAC_ID	ZIGBEE_MAC_ID	HIERARCHY_ID
137758975	000D6F0000D5C9C1	NULL	000D6F0000D5C9C1	1159
ID	ZIGBEE_MAC_ID	EXPECTED_ZIGBEE_MAC_ID	ZIGBEE_MAC_ID	HIERARCHY_ID
137584846	000D6F0000D5C9C6	NULL	000D6F0000D5C9C6	1157
ID	ZIGBEE_MAC_ID	EXPECTED_ZIGBEE_MAC_ID	ZIGBEE_MAC_ID	HIERARCHY_ID
137584847	000D6F0000D5C9C7	NULL	000D6F0000D5C9C7	1157
ID	ZIGBEE_MAC_ID	EXPECTED_ZIGBEE_MAC_ID	ZIGBEE_MAC_ID	HIERARCHY_ID
137758973	000D6F0000D5C9C8	NULL	000D6F0000D5C9C8	1159
ID	ZIGBEE_MAC_ID	EXPECTED_ZIGBEE_MAC_ID	ZIGBEE_MAC_ID	HIERARCHY_ID
137758974	000D6F0000D5C9C9	NULL	000D6F0000D5C9C9	1159
ID	ZIGBEE_MAC_ID	EXPECTED_ZIGBEE_MAC_ID	ZIGBEE_MAC_ID	HIERARCHY_ID
137758972	000D6F0000D5C9CC	NULL	000D6F0000D5C9CC	1159
ID	ZIGBEE_MAC_ID	EXPECTED_ZIGBEE_MAC_ID	ZIGBEE_MAC_ID	HIERARCHY_ID
137759076	000D6F0000D5CA3B	NULL	000D6F0000D5CA3B	1159
ID	ZIGBEE_MAC_ID	EXPECTED_ZIGBEE_MAC_ID	ZIGBEE_MAC_ID	HIERARCHY_ID
137759051	000D6F0000D5CA42	NULL	000D6F0000D5CA42	1159
ID	ZIGBEE_MAC_ID	EXPECTED_ZIGBEE_MAC_ID	ZIGBEE_MAC_ID	HIERARCHY_ID
137759050	000D6F0000D5CA43	NULL	000D6F0000D5CA43	1159
ID	ZIGBEE_MAC_ID	EXPECTED_ZIGBEE_MAC_ID	ZIGBEE_MAC_ID	HIERARCHY_ID
137756785	000D6F0000D5CA45	NULL	000D6F0000D5CA45	1159
ID	ZIGBEE_MAC_ID	EXPECTED_ZIGBEE_MAC_ID	ZIGBEE_MAC_ID	HIERARCHY_ID
137759052	000D6F0000D5CA49	NULL	000D6F0000D5CA49	1159
ID	ZIGBEE_MAC_ID	EXPECTED_ZIGBEE_MAC_ID	ZIGBEE_MAC_ID	HIERARCHY_ID
137584988	000D6F0000D5CAA5	NULL	000D6F0000D5CAA5	1157
ID	ZIGBEE_MAC_ID	EXPECTED_ZIGBEE_MAC_ID	ZIGBEE_MAC_ID	HIERARCHY_ID
137584987	000D6F0000D5CAA7	NULL	000D6F0000D5CAA7	1157
ID	ZIGBEE_MAC_ID	EXPECTED_ZIGBEE_MAC_ID	ZIGBEE_MAC_ID	HIERARCHY_ID
137584991	000D6F0000D5CAAB	NULL	000D6F0000D5CAAB	1157
ID	ZIGBEE_MAC_ID	EXPECTED_ZIGBEE_MAC_ID	ZIGBEE_MAC_ID	HIERARCHY_ID
137584992	000D6F0000D5CAAC	NULL	000D6F0000D5CAAC	1157
ID	ZIGBEE_MAC_ID	EXPECTED_ZIGBEE_MAC_ID	ZIGBEE_MAC_ID	HIERARCHY_ID
137584989	000D6F0000D5CAAF	NULL	000D6F0000D5CAAF	1157
ID	ZIGBEE_MAC_ID	EXPECTED_ZIGBEE_MAC_ID	ZIGBEE_MAC_ID	HIERARCHY_ID
137584941	000D6F0000D5CAB1	NULL	000D6F0000D5CAB1	1157
ID	ZIGBEE_MAC_ID	EXPECTED_ZIGBEE_MAC_ID	ZIGBEE_MAC_ID	HIERARCHY_ID
137584940	000D6F0000D5CAB3	NULL	000D6F0000D5CAB3	1157
ID	ZIGBEE_MAC_ID	EXPECTED_ZIGBEE_MAC_ID	ZIGBEE_MAC_ID	HIERARCHY_ID
137584939	000D6F0000D5CF71	NULL	000D6F0000D5CF71	1157
ID	ZIGBEE_MAC_ID	EXPECTED_ZIGBEE_MAC_ID	ZIGBEE_MAC_ID	HIERARCHY_ID
137584854	000D6F0000D5CF75	NULL	000D6F0000D5CF75	1157
ID	ZIGBEE_MAC_ID	EXPECTED_ZIGBEE_MAC_ID	ZIGBEE_MAC_ID	HIERARCHY_ID
137584864	000D6F0000D5CF7A	NULL	000D6F0000D5CF7A	1157
ID	ZIGBEE_MAC_ID	EXPECTED_ZIGBEE_MAC_ID	ZIGBEE_MAC_ID	HIERARCHY_ID
137584863	000D6F0000D5CF7C	NULL	000D6F0000D5CF7C	1157
ID	ZIGBEE_MAC_ID	EXPECTED_ZIGBEE_MAC_ID	ZIGBEE_MAC_ID	HIERARCHY_ID
137584960	000D6F0000D5CF7E	NULL	000D6F0000D5CF7E	1157
ID	ZIGBEE_MAC_ID	EXPECTED_ZIGBEE_MAC_ID	ZIGBEE_MAC_ID	HIERARCHY_ID
137584891	000D6F0000D5CF81	NULL	000D6F0000D5CF81	1159
ID	ZIGBEE_MAC_ID	EXPECTED_ZIGBEE_MAC_ID	ZIGBEE_MAC_ID	HIERARCHY_ID
137759003	000D6F0000D5CF86	NULL	000D6F0000D5CF86	1159
ID	ZIGBEE_MAC_ID	EXPECTED_ZIGBEE_MAC_ID	ZIGBEE_MAC_ID	HIERARCHY_ID
137759004	000D6F0000D5CF87	NULL	000D6F0000D5CF87	1159
ID	ZIGBEE_MAC_ID	EXPECTED_ZIGBEE_MAC_ID	ZIGBEE_MAC_ID	HIERARCHY_ID
137758996	000D6F0000D5CF8A	NULL	000D6F0000D5CF8A	1159
ID	ZIGBEE_MAC_ID	EXPECTED_ZIGBEE_MAC_ID	ZIGBEE_MAC_ID	HIERARCHY_ID
137584879	000D6F0000D5CF8C	NULL	000D6F0000D5CF8C	1159
ID	ZIGBEE_MAC_ID	EXPECTED_ZIGBEE_MAC_ID	ZIGBEE_MAC_ID	HIERARCHY_ID
137759043	000D6F0000D5CF90	NULL	000D6F0000D5CF90	1159
ID	ZIGBEE_MAC_ID	EXPECTED_ZIGBEE_MAC_ID	ZIGBEE_MAC_ID	HIERARCHY_ID
137585053	000D6F0000D5D19E	NULL	000D6F0000D5D19E	1157
ID	ZIGBEE_MAC_ID	EXPECTED_ZIGBEE_MAC_ID	ZIGBEE_MAC_ID	HIERARCHY_ID
137759048	000D6F0000D5D1A0	NULL	000D6F0000D5D1A0	1159
ID	ZIGBEE_MAC_ID	EXPECTED_ZIGBEE_MAC_ID	ZIGBEE_MAC_ID	HIERARCHY_ID
137584948	000D6F0000D5D1A2	NULL	000D6F0000D5D1A2	1157
ID	ZIGBEE_MAC_ID	EXPECTED_ZIGBEE_MAC_ID	ZIGBEE_MAC_ID	HIERARCHY_ID
137758980	000D6F0000D5D1AB	NULL	000D6F0000D5D1AB	1159
ID	ZIGBEE_MAC_ID	EXPECTED_ZIGBEE_MAC_ID	ZIGBEE_MAC_ID	HIERARCHY_ID
137759042	000D6F0000D5D1AE	NULL	000D6F0000D5D1AE	1159
ID	ZIGBEE_MAC_ID	EXPECTED_ZIGBEE_MAC_ID	ZIGBEE_MAC_ID	HIERARCHY_ID
137759028	000D6F0000D5D1D7	NULL	000D6F0000D5D1D7	1159
ID	ZIGBEE_MAC_ID	EXPECTED_ZIGBEE_MAC_ID	ZIGBEE_MAC_ID	HIERARCHY_ID
137584937	000D6F0000D5D4E2	NULL	000D6F0000D5D4E2	1157
ID	ZIGBEE_MAC_ID	EXPECTED_ZIGBEE_MAC_ID	ZIGBEE_MAC_ID	HIERARCHY_ID
137584968	000D6F0000D5D50A	NULL	000D6F0000D5D50A	1159
ID	ZIGBEE_MAC_ID	EXPECTED_ZIGBEE_MAC_ID	ZIGBEE_MAC_ID	HIERARCHY_ID
137584944	000D6F0000D5D549	NULL	000D6F0000D5D549	1157
ID	ZIGBEE_MAC_ID	EXPECTED_ZIGBEE_MAC_ID	ZIGBEE_MAC_ID	HIERARCHY_ID
137584950	000D6F0000D5D54A	NULL	000D6F0000D5D54A	1157
ID	ZIGBEE_MAC_ID	EXPECTED_ZIGBEE_MAC_ID	ZIGBEE_MAC_ID	HIERARCHY_ID
137584951	000D6F0000D5D54B	NULL	000D6F0000D5D54B	1157
ID	ZIGBEE_MAC_ID	EXPECTED_ZIGBEE_MAC_ID	ZIGBEE_MAC_ID	HIERARCHY_ID
137759049	000D6F0000D5D54C	NULL	000D6F0000D5D54C	1159
ID	ZIGBEE_MAC_ID	EXPECTED_ZIGBEE_MAC_ID	ZIGBEE_MAC_ID	HIERARCHY_ID
137584949	000D6F0000D5D54D	NULL	000D6F0000D5D54D	1157
ID	ZIGBEE_MAC_ID	EXPECTED_ZIGBEE_MAC_ID	ZIGBEE_MAC_ID	HIERARCHY_ID
137756783	000D6F0000D5D54E	NULL	000D6F0000D5D54E	1159
ID	ZIGBEE_MAC_ID	EXPECTED_ZIGBEE_MAC_ID	ZIGBEE_MAC_ID	HIERARCHY_ID
137759074	000D6F0000D5D552	NULL	000D6F0000D5D552	1159
ID	ZIGBEE_MAC_ID	EXPECTED_ZIGBEE_MAC_ID	ZIGBEE_MAC_ID	HIERARCHY_ID
137584990	000D6F0000D5D555	NULL	000D6F0000D5D555	1157
ID	ZIGBEE_MAC_ID	EXPECTED_ZIGBEE_MAC_ID	ZIGBEE_MAC_ID	HIERARCHY_ID
137759073	000D6F0000D5D558	NULL	000D6F0000D5D558	1159
ID	ZIGBEE_MAC_ID	EXPECTED_ZIGBEE_MAC_ID	ZIGBEE_MAC_ID	HIERARCHY_ID
137584869	000D6F0000D5D56B	NULL	000D6F0000D5D56B	1157
ID	ZIGBEE_MAC_ID	EXPECTED_ZIGBEE_MAC_ID	ZIGBEE_MAC_ID	HIERARCHY_ID
137759060	000D6F0000D5EE09	NULL	000D6F0000D5EE09	1159
ID	ZIGBEE_MAC_ID	EXPECTED_ZIGBEE_MAC_ID	ZIGBEE_MAC_ID	HIERARCHY_ID
137759061	000D6F0000D5EE0C	NULL	000D6F0000D5EE0C	1159
ID	ZIGBEE_MAC_ID	EXPECTED_ZIGBEE_MAC_ID	ZIGBEE_MAC_ID	HIERARCHY_ID
137759022	000D6F0000D5EE11	NULL	000D6F0000D5EE11	1159
ID	ZIGBEE_MAC_ID	EXPECTED_ZIGBEE_MAC_ID	ZIGBEE_MAC_ID	HIERARCHY_ID
137759021	000D6F0000D5EE15	NULL	000D6F0000D5EE15	1159
ID	ZIGBEE_MAC_ID	EXPECTED_ZIGBEE_MAC_ID	ZIGBEE_MAC_ID	HIERARCHY_ID
137759008	000D6F0000D5EE1D	NULL	000D6F0000D5EE1D	1159
ID	ZIGBEE_MAC_ID	EXPECTED_ZIGBEE_MAC_ID	ZIGBEE_MAC_ID	HIERARCHY_ID
137584883	000D6F0000D5EE26	NULL	000D6F0000D5EE26	1157
ID	ZIGBEE_MAC_ID	EXPECTED_ZIGBEE_MAC_ID	ZIGBEE_MAC_ID	HIERARCHY_ID
137584890	000D6F0000D5EE2E	NULL	000D6F0000D5EE2E	1157
ID	ZIGBEE_MAC_ID	EXPECTED_ZIGBEE_MAC_ID	ZIGBEE_MAC_ID	HIERARCHY_ID
137585041	000D6F0000D5F01E	NULL	000D6F0000D5F01E	1157
ID	ZIGBEE_MAC_ID	EXPECTED_ZIGBEE_MAC_ID	ZIGBEE_MAC_ID	HIERARCHY_ID
137758997	000D6F0000D5F142	NULL	000D6F0000D5F142	1159
